w1	w2	count	mle_p	add1_p	add0.5_p	token_type_score
છે	.	35	0.68627451	0.03797468	0.07107107	36.0000
છે	,	9	0.17647059	0.01054852	0.01901902	10.0000
.	આ	6	0.06122449	0.00703518	0.01189387	7.0000
શકે	છે	5	0.83333333	0.00664452	0.01210121	7.0000
હતા	.	5	0.83333333	0.00664452	0.01210121	6.0000
હતો	.	5	0.62500000	0.00662983	0.01204819	6.0000
કર્યું	હતું	4	0.66666667	0.00553710	0.00990099	8.0000
જૂના	માણસ	4	1.00000000	0.00554939	0.00994475	8.0000
રૂા	.	4	1.00000000	0.00554939	0.00994475	5.0000
હતું	.	4	0.50000000	0.00552486	0.00985761	5.0000
,	અને	3	0.06382979	0.00423729	0.00706357	6.0000
.	તેમણે	3	0.03061224	0.00402010	0.00640439	7.0000
આવે	છે	3	0.75000000	0.00443951	0.00773481	5.0000
માટે	,	3	0.16666667	0.00437158	0.00750268	4.0000
હતું	કે	3	0.37500000	0.00441989	0.00766703	5.0000
,	તેમણે	2	0.04255319	0.00317797	0.00504541	6.0000
.	એસ	2	0.02040816	0.00301508	0.00457457	4.0000
.	કેન્દ્રીય	2	0.02040816	0.00301508	0.00457457	10.0000
.	જેને	2	0.02040816	0.00301508	0.00457457	5.0000
.	પછી	2	0.02040816	0.00301508	0.00457457	5.0000
.	બી	2	0.02040816	0.00301508	0.00457457	4.0000
.	સી	2	0.02040816	0.00301508	0.00457457	4.0000
અનાવરણ	કર્યું	2	1.00000000	0.00333704	0.00554939	8.0000
આ	આરોપી	2	0.09523810	0.00326797	0.00532481	7.0000
આ	કેદીઓને	2	0.09523810	0.00326797	0.00532481	8.0000
આપે	છે	2	1.00000000	0.00333704	0.00554939	4.0000
આરોપી	ને	2	0.66666667	0.00333333	0.00553710	4.0000
આવશે	.	2	1.00000000	0.00333704	0.00554939	3.0000
આવી	છે	2	0.66666667	0.00333333	0.00553710	4.0000
આવ્યા	અને	2	0.66666667	0.00333333	0.00553710	5.0000
ઉપયોગી	છે	2	1.00000000	0.00333704	0.00554939	4.0000
એલ	.	2	1.00000000	0.00333704	0.00554939	3.0000
એસ	.	2	0.66666667	0.00333333	0.00553710	3.0000
કરવામાં	આવશે	2	0.40000000	0.00332594	0.00551268	6.0000
કરી	શકે	2	0.66666667	0.00333333	0.00553710	5.0000
કાર	વીમા	2	1.00000000	0.00333704	0.00554939	6.0000
કારણે	તેમની	2	0.50000000	0.00332963	0.00552486	7.0000
કે	આ	2	0.18181818	0.00330396	0.00544070	3.0000
કે	તેઓ	2	0.18181818	0.00330396	0.00544070	5.0000
છે	કે	2	0.03921569	0.00316456	0.00500501	4.0000
ઝડપી	પાડવા	2	0.66666667	0.00333333	0.00553710	6.0000
ડી	.	2	0.50000000	0.00332963	0.00552486	3.0000
તા	.	2	1.00000000	0.00333704	0.00554939	3.0000
તેમની	અંદર	2	0.66666667	0.00333333	0.00553710	6.0000
થશે	.	2	1.00000000	0.00333704	0.00554939	3.0000
દારૃનો	જથ્થો	2	0.66666667	0.00333333	0.00553710	6.0000
ન	હતી	2	1.00000000	0.00333704	0.00554939	5.0000
ના	રોજ	2	0.40000000	0.00332594	0.00551268	5.0000
ને	આ	2	0.33333333	0.00332226	0.00550055	3.0000
ને	ઝડપી	2	0.33333333	0.00332226	0.00550055	6.0000
પાડવા	માટે	2	1.00000000	0.00333704	0.00554939	6.0000
પી	.	2	0.50000000	0.00332963	0.00552486	3.0000
બી	.	2	1.00000000	0.00333704	0.00554939	3.0000
ભથ્થું	,	2	1.00000000	0.00333704	0.00554939	3.0000
ભયના	કારણે	2	1.00000000	0.00333704	0.00554939	7.0000
માટે	નર્મદા	2	0.11111111	0.00327869	0.00535906	8.0000
યાત્રા	દરમિયાન	2	0.66666667	0.00333333	0.00553710	9.0000
રહેશે	.	2	0.50000000	0.00332963	0.00552486	3.0000
લાગે	છે	2	1.00000000	0.00333704	0.00554939	4.0000
શરૂ	કર્યું	2	0.66666667	0.00333333	0.00553710	8.0000
સી	.	2	1.00000000	0.00333704	0.00554939	3.0000
હતી	.	2	0.40000000	0.00332594	0.00551268	3.0000
!	કોઈ	1	0.50000000	0.00222469	0.00332963	4.0000
!	નર્મદા	1	0.50000000	0.00222469	0.00332963	7.0000
,	2008	1	0.02127660	0.00211864	0.00302725	4.0000
,	Deep@Gmi.com	1	0.02127660	0.00211864	0.00302725	11.0000
,	https://hello.com	1	0.02127660	0.00211864	0.00302725	13.0000
,	અઠવાડિયામાં	1	0.02127660	0.00211864	0.00302725	10.0000
,	અથવા	1	0.02127660	0.00211864	0.00302725	5.0000
,	અમને	1	0.02127660	0.00211864	0.00302725	5.0000
,	આણંદ	1	0.02127660	0.00211864	0.00302725	5.0000
,	ઉદાહરણ	1	0.02127660	0.00211864	0.00302725	7.0000
,	એ	1	0.02127660	0.00211864	0.00302725	2.0000
,	એમ	1	0.02127660	0.00211864	0.00302725	3.0000
,	ગાંધીનગર	1	0.02127660	0.00211864	0.00302725	8.0000
,	ગોધરા	1	0.02127660	0.00211864	0.00302725	6.0000
,	ચેતનભાઇ	1	0.02127660	0.00211864	0.00302725	8.0000
,	ચોરી	1	0.02127660	0.00211864	0.00302725	5.0000
,	જણાવ્યું	1	0.02127660	0.00211864	0.00302725	9.0000
,	જૂના	1	0.02127660	0.00211864	0.00302725	5.0000
,	જે	1	0.02127660	0.00211864	0.00302725	3.0000
,	જ્યાંથી	1	0.02127660	0.00211864	0.00302725	8.0000
,	તેઓ	1	0.02127660	0.00211864	0.00302725	4.0000
,	તેને	1	0.02127660	0.00211864	0.00302725	4.0000
,	તેમાં	1	0.02127660	0.00211864	0.00302725	6.0000
,	ત્યારે	1	0.02127660	0.00211864	0.00302725	7.0000
,	ત્રિપુરા	1	0.02127660	0.00211864	0.00302725	8.0000
,	દિલીપ	1	0.02127660	0.00211864	0.00302725	6.0000
,	નડિયાદ	1	0.02127660	0.00211864	0.00302725	7.0000
,	નાગાલેન્ડ	1	0.02127660	0.00211864	0.00302725	8.0000
,	નેતાઓ	1	0.02127660	0.00211864	0.00302725	6.0000
,	પંપનું	1	0.02127660	0.00211864	0.00302725	5.0000
,	પ્રોવિડન્ટ	1	0.02127660	0.00211864	0.00302725	10.0000
,	પ્લેટ	1	0.02127660	0.00211864	0.00302725	6.0000
,	બે	1	0.02127660	0.00211864	0.00302725	3.0000
,	માત્ર	1	0.02127660	0.00211864	0.00302725	6.0000
,	મિલનભાઇ	1	0.02127660	0.00211864	0.00302725	8.0000
,	વિનોદ	1	0.02127660	0.00211864	0.00302725	6.0000
,	વિપક્ષના	1	0.02127660	0.00211864	0.00302725	9.0000
,	વેરા	1	0.02127660	0.00211864	0.00302725	5.0000
,	વ્યક્તિગત	1	0.02127660	0.00211864	0.00302725	8.0000
,	શહેર	1	0.02127660	0.00211864	0.00302725	5.0000
,	સગર્ભા	1	0.02127660	0.00211864	0.00302725	7.0000
,	સમજશક્તિ	1	0.02127660	0.00211864	0.00302725	9.0000
,	સાંજે	1	0.02127660	0.00211864	0.00302725	6.0000
,	હાલોલ	1	0.02127660	0.00211864	0.00302725	5.0000
.	48.	1	0.01020408	0.00201005	0.00274474	4.0000
.	અઠવાડિયાના	1	0.01020408	0.00201005	0.00274474	9.0000
.	અવાજ	1	0.01020408	0.00201005	0.00274474	5.0000
.	અહીંયાં	1	0.01020408	0.00201005	0.00274474	7.0000
.	આઇ	1	0.01020408	0.00201005	0.00274474	3.0000
.	આબુથી	1	0.01020408	0.00201005	0.00274474	6.0000
.	આમ	1	0.01020408	0.00201005	0.00274474	3.0000
.	આરોપી	1	0.01020408	0.00201005	0.00274474	6.0000
.	આવા	1	0.01020408	0.00201005	0.00274474	4.0000
.	ઉખાણાઓ	1	0.01020408	0.00201005	0.00274474	6.0000
.	એલ	1	0.01020408	0.00201005	0.00274474	3.0000
.	કર્ક	1	0.01020408	0.00201005	0.00274474	4.0000
.	કાગદડી	1	0.01020408	0.00201005	0.00274474	7.0000
.	કાર	1	0.01020408	0.00201005	0.00274474	4.0000
.	કારણ	1	0.01020408	0.00201005	0.00274474	5.0000
.	કેટલાક	1	0.01020408	0.00201005	0.00274474	6.0000
.	કોર્ટે	1	0.01020408	0.00201005	0.00274474	7.0000
.	ખાસ	1	0.01020408	0.00201005	0.00274474	4.0000
.	ખુબજ	1	0.01020408	0.00201005	0.00274474	5.0000
.	ગાર્ગી	1	0.01020408	0.00201005	0.00274474	6.0000
.	ગ્રો	1	0.01020408	0.00201005	0.00274474	5.0000
.	જૂના	1	0.01020408	0.00201005	0.00274474	5.0000
.	જોકે	1	0.01020408	0.00201005	0.00274474	5.0000
.	જ્યારે	1	0.01020408	0.00201005	0.00274474	7.0000
.	ડી	1	0.01020408	0.00201005	0.00274474	3.0000
.	તમારા	1	0.01020408	0.00201005	0.00274474	5.0000
.	તે	1	0.01020408	0.00201005	0.00274474	3.0000
.	તેઓ	1	0.01020408	0.00201005	0.00274474	4.0000
.	તેના	1	0.01020408	0.00201005	0.00274474	5.0000
.	તેમજ	1	0.01020408	0.00201005	0.00274474	5.0000
.	ત્યાં	1	0.01020408	0.00201005	0.00274474	6.0000
.	ત્યારબાદ	1	0.01020408	0.00201005	0.00274474	8.0000
.	દબાણના	1	0.01020408	0.00201005	0.00274474	6.0000
.	દેશના	1	0.01020408	0.00201005	0.00274474	6.0000
.	ધન	1	0.01020408	0.00201005	0.00274474	3.0000
.	ધારાસભ્ય	1	0.01020408	0.00201005	0.00274474	8.0000
.	નમૂનારૂપ	1	0.01020408	0.00201005	0.00274474	7.0000
.	ના	1	0.01020408	0.00201005	0.00274474	3.0000
.	પણ	1	0.01020408	0.00201005	0.00274474	3.0000
.	પી	1	0.01020408	0.00201005	0.00274474	3.0000
.	પુરાવા	1	0.01020408	0.00201005	0.00274474	6.0000
.	પુરું	1	0.01020408	0.00201005	0.00274474	5.0000
.	પ્રણવ	1	0.01020408	0.00201005	0.00274474	6.0000
.	બદલામાં	1	0.01020408	0.00201005	0.00274474	7.0000
.	બાળ	1	0.01020408	0.00201005	0.00274474	4.0000
.	ભાજપના	1	0.01020408	0.00201005	0.00274474	6.0000
.	મિશિગનના	1	0.01020408	0.00201005	0.00274474	7.0000
.	મોરબીના	1	0.01020408	0.00201005	0.00274474	8.0000
.	યાત્રા	1	0.01020408	0.00201005	0.00274474	6.0000
.	યુનાઇટેડ	1	0.01020408	0.00201005	0.00274474	9.0000
.	રપ	1	0.01020408	0.00201005	0.00274474	3.0000
.	રર	1	0.01020408	0.00201005	0.00274474	2.0000
.	રાજપીપળા	1	0.01020408	0.00201005	0.00274474	7.0000
.	રાજસ્થાનના	1	0.01020408	0.00201005	0.00274474	8.0000
.	રાજ્યના	1	0.01020408	0.00201005	0.00274474	7.0000
.	રાષ્ટ્રપતિએ	1	0.01020408	0.00201005	0.00274474	10.0000
.	રિજેક્શનના	1	0.01020408	0.00201005	0.00274474	10.0000
.	વલણ	1	0.01020408	0.00201005	0.00274474	4.0000
.	વસાવા	1	0.01020408	0.00201005	0.00274474	4.0000
.	વા	1	0.01020408	0.00201005	0.00274474	3.0000
.	વીણાએ	1	0.01020408	0.00201005	0.00274474	6.0000
.	સંમત	1	0.01020408	0.00201005	0.00274474	5.0000
.	સગર્ભાવસ્થામાં	1	0.01020408	0.00201005	0.00274474	11.0000
.	સજ્જન	1	0.01020408	0.00201005	0.00274474	5.0000
.	સદ્ગતનું	1	0.01020408	0.00201005	0.00274474	9.0000
.	સરકાર	1	0.01020408	0.00201005	0.00274474	5.0000
.	સહીત	1	0.01020408	0.00201005	0.00274474	5.0000
.	સૌથી	1	0.01020408	0.00201005	0.00274474	5.0000
.	હાઈકોર્ટના	1	0.01020408	0.00201005	0.00274474	10.0000
.	હીટિંગ	1	0.01020408	0.00201005	0.00274474	7.0000
.	હોટ	1	0.01020408	0.00201005	0.00274474	4.0000
.	૧.	1	0.01020408	0.00201005	0.00274474	3.0000
.	૧૦.	1	0.01020408	0.00201005	0.00274474	4.0000
.	૧૫.	1	0.01020408	0.00201005	0.00274474	4.0000
.	૭	1	0.01020408	0.00201005	0.00274474	2.0000
.	૮.	1	0.01020408	0.00201005	0.00274474	3.0000
...	આપણાં	1	0.50000000	0.00222469	0.00332963	6.0000
...	ઉત્તર	1	0.50000000	0.00222469	0.00332963	5.0000
10	વર્ષના	1	1.00000000	0.00222717	0.00333704	7.0000
100	લોડ	1	1.00000000	0.00222717	0.00333704	4.0000
2008	માં	1	1.00000000	0.00222717	0.00333704	4.0000
23.	97	1	1.00000000	0.00222717	0.00333704	3.0000
3	ડી	1	1.00000000	0.00222717	0.00333704	3.0000
30,000	બાળકો	1	1.00000000	0.00222717	0.00333704	6.0000
32,000	થી	1	1.00000000	0.00222717	0.00333704	3.0000
359	.	1	1.00000000	0.00222717	0.00333704	2.0000
48.	જેમના	1	1.00000000	0.00222717	0.00333704	6.0000
55,040	હતો	1	1.00000000	0.00222717	0.00333704	4.0000
80	દર્દીઓમાં	1	1.00000000	0.00222717	0.00333704	9.0000
83,000	ડોલરની	1	1.00000000	0.00222717	0.00333704	7.0000
97	ડોલર	1	1.00000000	0.00222717	0.00333704	5.0000
?	.	1	1.00000000	0.00222717	0.00333704	2.0000
Deep@Gmi.com	,	1	1.00000000	0.00222717	0.00333704	2.0000
https://hello.com	તેવાં	1	1.00000000	0.00222717	0.00333704	6.0000
અંકલેશ્વર	આવી	1	1.00000000	0.00222717	0.00333704	4.0000
અંતે	કોઈ	1	1.00000000	0.00222717	0.00333704	4.0000
અંદર	આત્મવિશ્વાસનો	1	0.50000000	0.00222469	0.00332963	12.0000
અંદર	એવી	1	0.50000000	0.00222469	0.00332963	4.0000
અગવડતાને	કારણે	1	1.00000000	0.00222717	0.00333704	6.0000
અગ્રવાલને	પકડવા	1	1.00000000	0.00222717	0.00333704	6.0000
અગ્રવાલે	ખેડુતોને	1	1.00000000	0.00222717	0.00333704	8.0000
અટકે	કરશે	1	1.00000000	0.00222717	0.00333704	5.0000
અઠવાડિયાના	અંતે	1	1.00000000	0.00222717	0.00333704	5.0000
અઠવાડિયામાં	એક	1	1.00000000	0.00222717	0.00333704	3.0000
અઠવાડિયે	ખર્ચો	1	1.00000000	0.00222717	0.00333704	6.0000
અથવા	કલાક	1	1.00000000	0.00222717	0.00333704	4.0000
અધ્યક્ષ	રાહુલ	1	1.00000000	0.00222717	0.00333704	6.0000
અનરજીસ્ટર્ડ	પર્સન	1	1.00000000	0.00222717	0.00333704	6.0000
અનલોડ	છે	1	1.00000000	0.00222717	0.00333704	3.0000
અનુભવ	નવો	1	1.00000000	0.00222717	0.00333704	4.0000
અનુસાર	,	1	1.00000000	0.00222717	0.00333704	2.0000
અને	અમદાવાદમાં	1	0.03571429	0.00216216	0.00314795	7.0000
અને	આ	1	0.03571429	0.00216216	0.00314795	2.0000
અને	એસ્ટેટ	1	0.03571429	0.00216216	0.00314795	6.0000
અને	કહ્યું	1	0.03571429	0.00216216	0.00314795	7.0000
અને	ખૂબ	1	0.03571429	0.00216216	0.00314795	4.0000
અને	ગ્રેચ્યુઇટીમાં	1	0.03571429	0.00216216	0.00314795	14.0000
અને	જૂના	1	0.03571429	0.00216216	0.00314795	5.0000
અને	ડી	1	0.03571429	0.00216216	0.00314795	3.0000
અને	તેઓ	1	0.03571429	0.00216216	0.00314795	4.0000
અને	તેની	1	0.03571429	0.00216216	0.00314795	5.0000
અને	તેને	1	0.03571429	0.00216216	0.00314795	4.0000
અને	દાન	1	0.03571429	0.00216216	0.00314795	4.0000
અને	નેતાઓને	1	0.03571429	0.00216216	0.00314795	6.0000
અને	પર્સ	1	0.03571429	0.00216216	0.00314795	5.0000
અને	પુખ્ત	1	0.03571429	0.00216216	0.00314795	6.0000
અને	બે	1	0.03571429	0.00216216	0.00314795	3.0000
અને	મેઘાલયમાં	1	0.03571429	0.00216216	0.00314795	8.0000
અને	રબારી	1	0.03571429	0.00216216	0.00314795	5.0000
અને	રમુજી	1	0.03571429	0.00216216	0.00314795	6.0000
અને	રાજ્યસભાના	1	0.03571429	0.00216216	0.00314795	9.0000
અને	લોકો	1	0.03571429	0.00216216	0.00314795	4.0000
અને	વજન	1	0.03571429	0.00216216	0.00314795	4.0000
અને	વડોદરા	1	0.03571429	0.00216216	0.00314795	7.0000
અને	વિરસિંહને	1	0.03571429	0.00216216	0.00314795	9.0000
અને	વિશ્વના	1	0.03571429	0.00216216	0.00314795	7.0000
અને	શું	1	0.03571429	0.00216216	0.00314795	4.0000
અને	સમૃદ્ધ	1	0.03571429	0.00216216	0.00314795	7.0000
અને	સારો	1	0.03571429	0.00216216	0.00314795	5.0000
અનેક	વેધક	1	1.00000000	0.00222717	0.00333704	5.0000
અન્ય	વેપારીઓને	1	1.00000000	0.00222717	0.00333704	9.0000
અપરાધ	દ્રશ્ય	1	1.00000000	0.00222717	0.00333704	6.0000
અપાયુ	હતુ	1	1.00000000	0.00222717	0.00333704	4.0000
અભાવ	દેખાવા	1	1.00000000	0.00222717	0.00333704	6.0000
અભિપ્રાય	લિધો	1	1.00000000	0.00222717	0.00333704	5.0000
અમદાવાદ	તેમજ	1	1.00000000	0.00222717	0.00333704	5.0000
અમદાવાદમાં	બૂટલેગર	1	1.00000000	0.00222717	0.00333704	8.0000
અમને	આસપાસ	1	1.00000000	0.00222717	0.00333704	5.0000
અમિતાભ	બચ્ચના	1	1.00000000	0.00222717	0.00333704	6.0000
અમેરિકાની	વૈશ્વિક	1	1.00000000	0.00222717	0.00333704	7.0000
અમેરિકામાં	32,000	1	1.00000000	0.00222717	0.00333704	5.0000
અર્પણ	કર્યા	1	1.00000000	0.00222717	0.00333704	6.0000
અલગ	અલગ	1	0.50000000	0.00222469	0.00332963	4.0000
અલગ	ટીમો	1	0.50000000	0.00222469	0.00332963	5.0000
અવલોકન	કર્યું	1	1.00000000	0.00222717	0.00333704	7.0000
અવસાન	પામેલ	1	1.00000000	0.00222717	0.00333704	6.0000
અવાજ	સુનાવણી	1	1.00000000	0.00222717	0.00333704	8.0000
અવાઝ	ઉઠાવવો	1	1.00000000	0.00222717	0.00333704	6.0000
અહીંયાં	આપણે	1	1.00000000	0.00222717	0.00333704	5.0000
અહેમદ	પટેલ	1	1.00000000	0.00222717	0.00333704	5.0000
આ	અઠવાડિયે	1	0.04761905	0.00217865	0.00319489	9.0000
આ	આંકડો	1	0.04761905	0.00217865	0.00319489	6.0000
આ	આરોપીને	1	0.04761905	0.00217865	0.00319489	8.0000
આ	ઉદ્ઘાટન	1	0.04761905	0.00217865	0.00319489	8.0000
આ	કિસ્સામાં	1	0.04761905	0.00217865	0.00319489	8.0000
આ	ક્ષેત્રના	1	0.04761905	0.00217865	0.00319489	9.0000
આ	ક્ષેત્રે	1	0.04761905	0.00217865	0.00319489	7.0000
આ	ખાસ	1	0.04761905	0.00217865	0.00319489	4.0000
આ	જાદુઈ	1	0.04761905	0.00217865	0.00319489	6.0000
આ	ઠેકાઓ	1	0.04761905	0.00217865	0.00319489	6.0000
આ	નિર્ણય	1	0.04761905	0.00217865	0.00319489	7.0000
આ	બધી	1	0.04761905	0.00217865	0.00319489	4.0000
આ	ભયના	1	0.04761905	0.00217865	0.00319489	5.0000
આ	મુદ્દે	1	0.04761905	0.00217865	0.00319489	6.0000
આ	સજ્જન	1	0.04761905	0.00217865	0.00319489	5.0000
આ	સારા	1	0.04761905	0.00217865	0.00319489	4.0000
આ	સિન્ડ્રોમ	1	0.04761905	0.00217865	0.00319489	9.0000
આંકડો	માટે	1	1.00000000	0.00222717	0.00333704	5.0000
આઇ	એચ	1	1.00000000	0.00222717	0.00333704	3.0000
આઇટીપી	નું	1	1.00000000	0.00222717	0.00333704	4.0000
આખરે	આ	1	0.50000000	0.00222469	0.00332963	2.0000
આખરે	ત્રણ	1	0.50000000	0.00222469	0.00332963	5.0000
આગ	ભરૂચથી	1	1.00000000	0.00222717	0.00333704	7.0000
આગળ	યોનિમાર્ગ	1	1.00000000	0.00222717	0.00333704	10.0000
આગામી	પાંચ	1	1.00000000	0.00222717	0.00333704	5.0000
આણંદ	,	1	1.00000000	0.00222717	0.00333704	2.0000
આત્મવિશ્વાસનો	અભાવ	1	1.00000000	0.00222717	0.00333704	5.0000
આદરી	હતી	1	1.00000000	0.00222717	0.00333704	4.0000
આદીવાસી	ખેડુતોને	1	1.00000000	0.00222717	0.00333704	8.0000
આપ	તે	1	1.00000000	0.00222717	0.00333704	3.0000
આપઘાત	કરી	1	1.00000000	0.00222717	0.00333704	4.0000
આપણાં	શાસ્ત્રોમાં	1	1.00000000	0.00222717	0.00333704	10.0000
આપણે	કઈ	1	1.00000000	0.00222717	0.00333704	3.0000
આપનાં	પેરેન્ટ્સે	1	1.00000000	0.00222717	0.00333704	8.0000
આપને	કહી	1	1.00000000	0.00222717	0.00333704	4.0000
આપવા	માટે	1	1.00000000	0.00222717	0.00333704	5.0000
આપવામાં	આવી	1	1.00000000	0.00222717	0.00333704	4.0000
આપી	.	1	0.50000000	0.00222469	0.00332963	2.0000
આપી	ન	1	0.50000000	0.00222469	0.00332963	2.0000
આપીને	!	1	1.00000000	0.00222717	0.00333704	2.0000
આપીશ	તેમ	1	1.00000000	0.00222717	0.00333704	4.0000
આપ્યું	હતું	1	1.00000000	0.00222717	0.00333704	5.0000
આબુથી	આવતો	1	1.00000000	0.00222717	0.00333704	5.0000
આમ	,	1	0.50000000	0.00222469	0.00332963	2.0000
આમ	આ	1	0.50000000	0.00222469	0.00332963	2.0000
આરોપ	આ	1	1.00000000	0.00222717	0.00333704	2.0000
આરોપી	કલ્પેશ	1	0.33333333	0.00222222	0.00332226	7.0000
આરોપીને	મહારાષ્ટ્રથી	1	1.00000000	0.00222717	0.00333704	10.0000
આવકને	નુકશાન	1	1.00000000	0.00222717	0.00333704	6.0000
આવતો	દારૃનો	1	1.00000000	0.00222717	0.00333704	7.0000
આવા	કપરા	1	1.00000000	0.00222717	0.00333704	5.0000
આવી	પહોંચ્યાં	1	0.33333333	0.00222222	0.00332226	9.0000
આવે	.	1	0.25000000	0.00221976	0.00331492	2.0000
આવેલી	છે	1	1.00000000	0.00222717	0.00333704	3.0000
આવ્યા	.	1	0.33333333	0.00222222	0.00332226	2.0000
આવ્યો	છે	1	1.00000000	0.00222717	0.00333704	3.0000
આશરા	ઉ	1	1.00000000	0.00222717	0.00333704	2.0000
આશિર્વાદ	યાત્રા	1	1.00000000	0.00222717	0.00333704	6.0000
આશીર્વાદ	યાત્રા	1	1.00000000	0.00222717	0.00333704	6.0000
આસપાસ	મન	1	1.00000000	0.00222717	0.00333704	3.0000
ઇચ્છતી	હતી	1	1.00000000	0.00222717	0.00333704	4.0000
ઇન્ડસ્ટ્રીઝના	નામે	1	1.00000000	0.00222717	0.00333704	5.0000
ઇન્સ્ટિટયૂટ	ડબ્લ્યૂઆરઆઇ	1	1.00000000	0.00222717	0.00333704	10.0000
ઇન્સ્ટીટયૂટનું	લોકાર્પણ	1	1.00000000	0.00222717	0.00333704	9.0000
ઇન્હેલેશન	ડીપીટી	1	1.00000000	0.00222717	0.00333704	5.0000
ઈન્દોરના	એક	1	1.00000000	0.00222717	0.00333704	3.0000
ઉ	.	1	1.00000000	0.00222717	0.00333704	2.0000
ઉખાણાઓ	એક	1	0.50000000	0.00222469	0.00332963	3.0000
ઉખાણાઓ	બાળકો	1	0.50000000	0.00222469	0.00332963	6.0000
ઉઘરાવેલ	રૂા	1	1.00000000	0.00222717	0.00333704	4.0000
ઉઠાવવો	પડશે	1	1.00000000	0.00222717	0.00333704	5.0000
ઉઠ્યો	,	1	1.00000000	0.00222717	0.00333704	2.0000
ઉતારવામાં	આવે	1	1.00000000	0.00222717	0.00333704	4.0000
ઉત્તર	આમ	1	0.33333333	0.00222222	0.00332226	3.0000
ઉત્તર	ગુજરાતમાં	1	0.33333333	0.00222222	0.00332226	9.0000
ઉત્તર	પ્રદેશમાં	1	0.33333333	0.00222222	0.00332226	10.0000
ઉત્પન્ન	થવા	1	1.00000000	0.00222717	0.00333704	4.0000
ઉદાહરણ	તરીકે	1	1.00000000	0.00222717	0.00333704	6.0000
ઉદ્ઘાટન	પ્રસંગે	1	1.00000000	0.00222717	0.00333704	8.0000
ઉપયોગ	કરાયો	1	1.00000000	0.00222717	0.00333704	6.0000
ઉપરાંત	મુસાફરી	1	1.00000000	0.00222717	0.00333704	8.0000
ઉમળકાભેર	રહેતા	1	1.00000000	0.00222717	0.00333704	6.0000
ઉષ્ણતા	બિંદુ	1	1.00000000	0.00222717	0.00333704	6.0000
ઊંચા	જોખમ	1	1.00000000	0.00222717	0.00333704	5.0000
એ	કાર્ય	1	0.25000000	0.00221976	0.00331492	6.0000
એ	જણાવ્યું	1	0.25000000	0.00221976	0.00331492	9.0000
એ	જોવું	1	0.25000000	0.00221976	0.00331492	6.0000
એ	બીજા	1	0.25000000	0.00221976	0.00331492	5.0000
એક	કપ	1	0.11111111	0.00220751	0.00327869	3.0000
એક	નવી	1	0.11111111	0.00220751	0.00327869	4.0000
એક	પોલીસ	1	0.11111111	0.00220751	0.00327869	6.0000
એક	વખત	1	0.11111111	0.00220751	0.00327869	4.0000
એક	વિકલ્પ	1	0.11111111	0.00220751	0.00327869	7.0000
એક	વૃદ્ધ	1	0.11111111	0.00220751	0.00327869	6.0000
એક	સંપત્તિ	1	0.11111111	0.00220751	0.00327869	7.0000
એક	સ્વતંત્ર	1	0.11111111	0.00220751	0.00327869	7.0000
એક	સ્વવેના	1	0.11111111	0.00220751	0.00327869	7.0000
એકનું	મોત	1	1.00000000	0.00222717	0.00333704	4.0000
એક્સચેન્જો	સાથે	1	1.00000000	0.00222717	0.00333704	5.0000
એક્સ્ચેન્જર	પૂરી	1	1.00000000	0.00222717	0.00333704	5.0000
એચ	જી	1	1.00000000	0.00222717	0.00333704	3.0000
એટલી	સારી	1	1.00000000	0.00222717	0.00333704	5.0000
એનર્જી	ક્ષેત્રમાં	1	1.00000000	0.00222717	0.00333704	10.0000
એન્જીનીયર	તે	1	1.00000000	0.00222717	0.00333704	3.0000
એન્ડ	હાર્ટ	1	1.00000000	0.00222717	0.00333704	6.0000
એમ	અમેરિકાની	1	1.00000000	0.00222717	0.00333704	10.0000
એમણે	તમારો	1	1.00000000	0.00222717	0.00333704	6.0000
એલાન	પણ	1	1.00000000	0.00222717	0.00333704	3.0000
એવી	લાગણી	1	1.00000000	0.00222717	0.00333704	6.0000
એસ	પી	1	0.33333333	0.00222222	0.00332226	3.0000
એસ્ટેટ	આપી	1	1.00000000	0.00222717	0.00333704	4.0000
ઓપી	કોહલી	1	1.00000000	0.00222717	0.00333704	6.0000
ઓફ	લેબર	1	1.00000000	0.00222717	0.00333704	5.0000
કંડલા	પોર્ટ	1	1.00000000	0.00222717	0.00333704	6.0000
કંપની	તેઓ	1	1.00000000	0.00222717	0.00333704	4.0000
કઈ	રીતે	1	1.00000000	0.00222717	0.00333704	5.0000
કન્ટેનર	પાછળ	1	1.00000000	0.00222717	0.00333704	5.0000
કપ	સાથે	1	1.00000000	0.00222717	0.00333704	5.0000
કપરા	સમયમાં	1	1.00000000	0.00222717	0.00333704	6.0000
કરતા	ખળભળાટ	1	1.00000000	0.00222717	0.00333704	6.0000
કરતાં	સ્વવેન	1	1.00000000	0.00222717	0.00333704	6.0000
કરવા	માટે	1	1.00000000	0.00222717	0.00333704	5.0000
કરવાની	માગણી	1	1.00000000	0.00222717	0.00333704	6.0000
કરવાનું	છે	1	0.50000000	0.00222469	0.00332963	3.0000
કરવાનું	મહત્ત્વ	1	0.50000000	0.00222469	0.00332963	6.0000
કરવાનો	અનુભવ	1	1.00000000	0.00222717	0.00333704	6.0000
કરવામાં	આવી	1	0.20000000	0.00221729	0.00330761	4.0000
કરવામાં	આવે	1	0.20000000	0.00221729	0.00330761	4.0000
કરવામાં	આવેલી	1	0.20000000	0.00221729	0.00330761	6.0000
કરવું	તેના	1	1.00000000	0.00222717	0.00333704	5.0000
કરશે	,	1	0.50000000	0.00222469	0.00332963	2.0000
કરશે	.	1	0.50000000	0.00222469	0.00332963	2.0000
કરાયો	હતો	1	1.00000000	0.00222717	0.00333704	4.0000
કરાવેલ	નથી	1	1.00000000	0.00222717	0.00333704	4.0000
કરી	લેતાં	1	0.33333333	0.00222222	0.00332226	6.0000
કરીએ	છે	1	1.00000000	0.00222717	0.00333704	3.0000
કરીને	ગામડાના	1	0.50000000	0.00222469	0.00332963	6.0000
કરીને	ફરાર	1	0.50000000	0.00222469	0.00332963	4.0000
કરે	.	1	0.50000000	0.00222469	0.00332963	2.0000
કરે	છે	1	0.50000000	0.00222469	0.00332963	3.0000
કરેલ	તથા	1	1.00000000	0.00222717	0.00333704	4.0000
કરો	જે	1	1.00000000	0.00222717	0.00333704	3.0000
કરોડ	રૃપીયાની	1	1.00000000	0.00222717	0.00333704	8.0000
કરોડના	બોગસ	1	1.00000000	0.00222717	0.00333704	5.0000
કરોડની	વેરાશાખ	1	0.50000000	0.00222469	0.00332963	7.0000
કરોડની	સરકારની	1	0.50000000	0.00222469	0.00332963	7.0000
કરોડો	રૂપિયાની	1	1.00000000	0.00222717	0.00333704	9.0000
કરોડોનો	વેરો	1	1.00000000	0.00222717	0.00333704	5.0000
કર્ક	મહિલા	1	1.00000000	0.00222717	0.00333704	6.0000
કર્મચારીઓને	ડીએની	1	1.00000000	0.00222717	0.00333704	5.0000
કર્યા	પછી	1	0.50000000	0.00222469	0.00332963	4.0000
કર્યા	હતા	1	0.50000000	0.00222469	0.00332963	4.0000
કર્યું	છે	1	0.16666667	0.00221484	0.00330033	3.0000
કર્યું	તહું	1	0.16666667	0.00221484	0.00330033	5.0000
કલાક	દીઠ	1	1.00000000	0.00222717	0.00333704	4.0000
કલ્પેશ	અગ્રવાલને	1	0.50000000	0.00222469	0.00332963	10.0000
કલ્પેશ	સુભાષ	1	0.50000000	0.00222469	0.00332963	6.0000
કહી	ને	1	0.50000000	0.00222469	0.00332963	3.0000
કહી	હોય	1	0.50000000	0.00222469	0.00332963	4.0000
કહ્યુ	હતું	1	1.00000000	0.00222717	0.00333704	5.0000
કહ્યું	કે	1	0.50000000	0.00222469	0.00332963	3.0000
કહ્યું	જાદુ	1	0.50000000	0.00222469	0.00332963	5.0000
કાગદડી	નજીક	1	1.00000000	0.00222717	0.00333704	5.0000
કાન	સરળતાથી	1	1.00000000	0.00222717	0.00333704	8.0000
કામ	એક	1	0.50000000	0.00222469	0.00332963	3.0000
કામ	કરવાનો	1	0.50000000	0.00222469	0.00332963	7.0000
કામની	તટસ્થ	1	1.00000000	0.00222717	0.00333704	6.0000
કામો	માટે	1	1.00000000	0.00222717	0.00333704	5.0000
કાયદાઓએ	તમામ	1	1.00000000	0.00222717	0.00333704	4.0000
કારણ	કે	1	1.00000000	0.00222717	0.00333704	3.0000
કારણે	ખેડુતોમા	1	0.25000000	0.00221976	0.00331492	9.0000
કારણે	નહીં	1	0.25000000	0.00221976	0.00331492	5.0000
કારમાં	આગ	1	1.00000000	0.00222717	0.00333704	3.0000
કાર્ય	કરશે	1	1.00000000	0.00222717	0.00333704	5.0000
કાર્યકરોએ	જન	1	1.00000000	0.00222717	0.00333704	3.0000
કિસ્સામાં	,	1	1.00000000	0.00222717	0.00333704	2.0000
કીફિર	પર	1	1.00000000	0.00222717	0.00333704	3.0000
કુલ	રૂા	1	1.00000000	0.00222717	0.00333704	4.0000
કે	,	1	0.09090909	0.00220264	0.00326442	2.0000
કે	3	1	0.09090909	0.00220264	0.00326442	2.0000
કે	ટ્વિટર	1	0.09090909	0.00220264	0.00326442	6.0000
કે	નહીં	1	0.09090909	0.00220264	0.00326442	5.0000
કે	પેટના	1	0.09090909	0.00220264	0.00326442	6.0000
કે	યોગ્ય	1	0.09090909	0.00220264	0.00326442	5.0000
કે	સીરિઝમાં	1	0.09090909	0.00220264	0.00326442	9.0000
કેટલાક	જાતકો	1	1.00000000	0.00222717	0.00333704	6.0000
કેદીઓને	ત્રણ	1	0.33333333	0.00222222	0.00332226	5.0000
કેદીઓને	બાળગૃહમાંથી	1	0.33333333	0.00222222	0.00332226	11.0000
કેદીઓને	મુક્ત	1	0.33333333	0.00222222	0.00332226	6.0000
કેન્દ્રીય	કર્મચારીઓને	1	0.50000000	0.00222469	0.00332963	11.0000
કેન્દ્રીય	મંત્રી	1	0.50000000	0.00222469	0.00332963	7.0000
કેવી	રીતે	1	1.00000000	0.00222717	0.00333704	5.0000
કેસ	નોંધવામાં	1	1.00000000	0.00222717	0.00333704	8.0000
કૉલેજમાં	છેડતીનો	1	1.00000000	0.00222717	0.00333704	8.0000
કોંગ્રેસ	અધ્યક્ષ	1	1.00000000	0.00222717	0.00333704	7.0000
કોઈ	કંપની	1	0.33333333	0.00222222	0.00332226	6.0000
કોઈ	નિવેદન	1	0.33333333	0.00222222	0.00332226	6.0000
કોઈ	વાતને	1	0.33333333	0.00222222	0.00332226	6.0000
કોરોના	વાયરસના	1	1.00000000	0.00222717	0.00333704	7.0000
કોર્ટે	આ	1	1.00000000	0.00222717	0.00333704	2.0000
કોહલી	અને	1	1.00000000	0.00222717	0.00333704	4.0000
ક્યારેક	આપનાં	1	1.00000000	0.00222717	0.00333704	6.0000
ક્યારેય	સારું	1	1.00000000	0.00222717	0.00333704	6.0000
ક્રૂરતાનો	કેસ	1	1.00000000	0.00222717	0.00333704	4.0000
ક્ષેત્રના	લોકોનો	1	1.00000000	0.00222717	0.00333704	5.0000
ક્ષેત્રમાં	આગામી	1	1.00000000	0.00222717	0.00333704	6.0000
ક્ષેત્રે	રોજગારીની	1	1.00000000	0.00222717	0.00333704	8.0000
ખરીદવાનું	અને	1	1.00000000	0.00222717	0.00333704	4.0000
ખરીદી	કર્યા	1	0.50000000	0.00222469	0.00332963	6.0000
ખરીદી	મહિસાગર	1	0.50000000	0.00222469	0.00332963	8.0000
ખરીદીઓનાં	વેચાણો	1	1.00000000	0.00222717	0.00333704	7.0000
ખર્ચો	વધારે	1	1.00000000	0.00222717	0.00333704	6.0000
ખળભળાટ	મચ્યો	1	1.00000000	0.00222717	0.00333704	6.0000
ખવડાવી	,	1	1.00000000	0.00222717	0.00333704	2.0000
ખાસ	કરીને	1	0.50000000	0.00222469	0.00332963	6.0000
ખાસ	યુઝર્સને	1	0.50000000	0.00222469	0.00332963	9.0000
ખુબજ	મુશ્કેલ	1	1.00000000	0.00222717	0.00333704	8.0000
ખૂબ	જ	1	1.00000000	0.00222717	0.00333704	2.0000
ખેંચે	છે	1	1.00000000	0.00222717	0.00333704	3.0000
ખેડુતોને	રૃપીયા	1	0.50000000	0.00222469	0.00332963	7.0000
ખેડુતોને	વધુ	1	0.50000000	0.00222469	0.00332963	4.0000
ખેડુતોમા	ભારે	1	1.00000000	0.00222717	0.00333704	5.0000
ખેડૂતો	ઉમળકાભેર	1	0.50000000	0.00222469	0.00332963	9.0000
ખેડૂતો	પોતાની	1	0.50000000	0.00222469	0.00332963	7.0000
ખેતીના	વિકલ્પરૂપે	1	1.00000000	0.00222717	0.00333704	10.0000
ગઇ	છે	1	1.00000000	0.00222717	0.00333704	3.0000
ગઈ	છે	1	1.00000000	0.00222717	0.00333704	3.0000
ગમે	એ	1	1.00000000	0.00222717	0.00333704	2.0000
ગયું	અને	1	1.00000000	0.00222717	0.00333704	4.0000
ગયો	હતો	1	1.00000000	0.00222717	0.00333704	4.0000
ગરીબ	આદીવાસી	1	1.00000000	0.00222717	0.00333704	7.0000
ગરીબોને	ખેતીના	1	1.00000000	0.00222717	0.00333704	7.0000
ગાંધી	દ્વારા	1	1.00000000	0.00222717	0.00333704	6.0000
ગાંધીજીની	પ્રતિમાનું	1	0.50000000	0.00222469	0.00332963	11.0000
ગાંધીજીની	પ્રતિમાને	1	0.50000000	0.00222469	0.00332963	10.0000
ગાંધીનગર	અને	1	1.00000000	0.00222717	0.00333704	4.0000
ગાડી	કન્ટેનર	1	1.00000000	0.00222717	0.00333704	7.0000
ગામડાના	ગરીબોને	1	1.00000000	0.00222717	0.00333704	8.0000
ગામની	પરિણીતાએ	1	1.00000000	0.00222717	0.00333704	9.0000
ગાર્ગી	કૉલેજમાં	1	1.00000000	0.00222717	0.00333704	9.0000
ગુ	કરે	1	1.00000000	0.00222717	0.00333704	4.0000
ગુજરાતના	રાજ્યપાલ	1	1.00000000	0.00222717	0.00333704	8.0000
ગુજરાતમાં	દારૃ	1	1.00000000	0.00222717	0.00333704	5.0000
ગુટર	ગુ	1	1.00000000	0.00222717	0.00333704	3.0000
ગુસ્સો	જોવા	1	1.00000000	0.00222717	0.00333704	5.0000
ગોધરા	,	1	1.00000000	0.00222717	0.00333704	2.0000
ગ્રાન્ટ	આપે	1	1.00000000	0.00222717	0.00333704	4.0000
ગ્રેચ્યુઇટીમાં	પણ	1	1.00000000	0.00222717	0.00333704	3.0000
ગ્રો	અને	1	1.00000000	0.00222717	0.00333704	4.0000
ઘટાડવા	માટે	1	1.00000000	0.00222717	0.00333704	5.0000
ઘણા	કરતાં	1	1.00000000	0.00222717	0.00333704	6.0000
ઘણીબધી	ચર્ચા	1	1.00000000	0.00222717	0.00333704	5.0000
ઘર	એક	1	1.00000000	0.00222717	0.00333704	3.0000
ચકચાર	મચી	1	1.00000000	0.00222717	0.00333704	4.0000
ચર્ચા	કરવામાં	1	1.00000000	0.00222717	0.00333704	7.0000
ચા	અને	1	1.00000000	0.00222717	0.00333704	4.0000
ચાર્મી	ઇન્ડસ્ટ્રીઝના	1	1.00000000	0.00222717	0.00333704	11.0000
ચિંતા	થઈ	1	1.00000000	0.00222717	0.00333704	3.0000
ચુકવ્યા	વગર	1	1.00000000	0.00222717	0.00333704	4.0000
ચેતનભાઇ	ના	1	1.00000000	0.00222717	0.00333704	3.0000
ચોરી	વસ્તુઓ	1	1.00000000	0.00222717	0.00333704	7.0000
છીએ	.	1	1.00000000	0.00222717	0.00333704	2.0000
છે	?	1	0.01960784	0.00210970	0.00300300	2.0000
છે	અને	1	0.01960784	0.00210970	0.00300300	4.0000
છે	ઘણા	1	0.01960784	0.00210970	0.00300300	4.0000
છે	તો	1	0.01960784	0.00210970	0.00300300	3.0000
છે	વેરાવળ	1	0.01960784	0.00210970	0.00300300	6.0000
છેડતીનો	મામલો	1	1.00000000	0.00222717	0.00333704	5.0000
છેલ્લા	10	1	1.00000000	0.00222717	0.00333704	3.0000
છો	જે	1	1.00000000	0.00222717	0.00333704	3.0000
છોડવાના	સંકેત	1	1.00000000	0.00222717	0.00333704	6.0000
જ	અવાઝ	1	0.33333333	0.00222222	0.00332226	5.0000
જ	મેદસ્વી	1	0.33333333	0.00222222	0.00332226	8.0000
જ	વર્ષે	1	0.33333333	0.00222222	0.00332226	6.0000
જઈ	બંને	1	1.00000000	0.00222717	0.00333704	5.0000
જણાવો	.	1	1.00000000	0.00222717	0.00333704	2.0000
જણાવ્યું	કે	1	0.33333333	0.00222222	0.00332226	3.0000
જણાવ્યું	છે	1	0.33333333	0.00222222	0.00332226	3.0000
જણાવ્યું	હતું	1	0.33333333	0.00222222	0.00332226	5.0000
જણાશે	.	1	1.00000000	0.00222717	0.00333704	2.0000
જતા	એકનું	1	0.50000000	0.00222469	0.00332963	6.0000
જતા	કેવી	1	0.50000000	0.00222469	0.00332963	5.0000
જથ્થો	ખરીદી	1	0.33333333	0.00222222	0.00332226	5.0000
જથ્થો	ઠલવાય	1	0.33333333	0.00222222	0.00332226	6.0000
જથ્થો	સાંચોર	1	0.33333333	0.00222222	0.00332226	7.0000
જન	આશિર્વાદ	1	0.50000000	0.00222469	0.00332963	9.0000
જન	આશીર્વાદ	1	0.50000000	0.00222469	0.00332963	9.0000
જનતાએ	જ	1	1.00000000	0.00222717	0.00333704	2.0000
જનાદેશનો	સ્વાગત	1	1.00000000	0.00222717	0.00333704	7.0000
જમા	કરાવેલ	1	1.00000000	0.00222717	0.00333704	7.0000
જમીન	મુક્ત	1	1.00000000	0.00222717	0.00333704	6.0000
જરૂર	છે	1	0.50000000	0.00222469	0.00332963	3.0000
જરૂર	શુ	1	0.50000000	0.00222469	0.00332963	3.0000
જવાની	જરૂર	1	1.00000000	0.00222717	0.00333704	4.0000
જાડેજાના	માર્ગદર્શન	1	1.00000000	0.00222717	0.00333704	9.0000
જાતકો	માટે	1	1.00000000	0.00222717	0.00333704	5.0000
જાદુ	અને	1	1.00000000	0.00222717	0.00333704	4.0000
જાદુઈ	ભેટ	1	1.00000000	0.00222717	0.00333704	4.0000
જિલ્લામાં	ઠાલવે	1	1.00000000	0.00222717	0.00333704	6.0000
જી	ભરવાડ	1	1.00000000	0.00222717	0.00333704	6.0000
જીઇબી	એન્જીનીયર	1	1.00000000	0.00222717	0.00333704	8.0000
જીતીવા	માટે	1	1.00000000	0.00222717	0.00333704	5.0000
જીલ્લા	એલ	1	0.50000000	0.00222469	0.00332963	3.0000
જીલ્લા	પોલીસે	1	0.50000000	0.00222469	0.00332963	7.0000
જીલ્લાના	ડેડીયાપાડા	1	1.00000000	0.00222717	0.00333704	7.0000
જૂથ	સ્થાપિત	1	1.00000000	0.00222717	0.00333704	8.0000
જૂન	મહિનામાં	1	1.00000000	0.00222717	0.00333704	7.0000
જે	100	1	0.25000000	0.00221976	0.00331492	3.0000
જે	અગવડતાને	1	0.25000000	0.00221976	0.00331492	9.0000
જે	ક્યારેક	1	0.25000000	0.00221976	0.00331492	7.0000
જે	શક્યત	1	0.25000000	0.00221976	0.00331492	6.0000
જેટલી	અલગ	1	1.00000000	0.00222717	0.00333704	4.0000
જેના	કારણે	1	1.00000000	0.00222717	0.00333704	6.0000
જેને	પગલે	1	0.50000000	0.00222469	0.00332963	5.0000
જેને	વ્યાપક	1	0.50000000	0.00222469	0.00332963	7.0000
જેમના	કાન	1	1.00000000	0.00222717	0.00333704	4.0000
જોઈ	રહ્યું	1	0.50000000	0.00222469	0.00332963	7.0000
જોઈ	શકાય	1	0.50000000	0.00222469	0.00332963	5.0000
જોઈએ	.	1	1.00000000	0.00222717	0.00333704	2.0000
જોકે	,	1	1.00000000	0.00222717	0.00333704	2.0000
જોખમ	પર	1	1.00000000	0.00222717	0.00333704	3.0000
જોવા	મળે	1	0.33333333	0.00222222	0.00332226	4.0000
જોવા	મળ્યો	1	0.33333333	0.00222222	0.00332226	6.0000
જોવા	માટે	1	0.33333333	0.00222222	0.00332226	5.0000
જોવામાં	વ્યસ્ત	1	1.00000000	0.00222717	0.00333704	6.0000
જોવું	રસપ્રદ	1	1.00000000	0.00222717	0.00333704	6.0000
જ્યાં	તેમણે	1	1.00000000	0.00222717	0.00333704	5.0000
જ્યાંથી	અમદાવાદ	1	1.00000000	0.00222717	0.00333704	6.0000
જ્યારે	આપ	1	0.50000000	0.00222469	0.00332963	3.0000
જ્યારે	મોરારીબાપુએ	1	0.50000000	0.00222469	0.00332963	10.0000
જ્યોતિરાદિત્ય	સિંધિયાની	1	1.00000000	0.00222717	0.00333704	9.0000
ઝડપથી	વૃદ્ધિ	1	1.00000000	0.00222717	0.00333704	7.0000
ઝડપી	પાડયો	1	0.33333333	0.00222222	0.00332226	6.0000
ઝાલોદના	બૂટલેગરો	1	1.00000000	0.00222717	0.00333704	9.0000
ટાઇગર	સેના	1	1.00000000	0.00222717	0.00333704	5.0000
ટાળી	દેવી	1	1.00000000	0.00222717	0.00333704	5.0000
ટીમો	બનાવી	1	1.00000000	0.00222717	0.00333704	6.0000
ટીમોએ	તપાસ	1	1.00000000	0.00222717	0.00333704	5.0000
ટેક્સ	વધારવાની	1	1.00000000	0.00222717	0.00333704	7.0000
ટેલીફોનીક	બેસણુ	1	1.00000000	0.00222717	0.00333704	6.0000
ટ્રસ્ટ	ની	1	1.00000000	0.00222717	0.00333704	3.0000
ટ્વિટર	કોઈ	1	0.33333333	0.00222222	0.00332226	4.0000
ટ્વિટર	છોડવાના	1	0.33333333	0.00222222	0.00332226	7.0000
ટ્વિટર	પોતાના	1	0.33333333	0.00222222	0.00332226	6.0000
ઠંડીથી	ઇન્હેલેશન	1	1.00000000	0.00222717	0.00333704	8.0000
ઠલવાય	છે	1	1.00000000	0.00222717	0.00333704	3.0000
ઠાલવે	છે	1	1.00000000	0.00222717	0.00333704	3.0000
ઠેકાઓ	પરથી	1	1.00000000	0.00222717	0.00333704	5.0000
ડબ્લ્યૂઆરઆઇ	એ	1	1.00000000	0.00222717	0.00333704	2.0000
ડી	ફિલ્મમાં	1	0.25000000	0.00221976	0.00331492	8.0000
ડી	વાય	1	0.25000000	0.00221976	0.00331492	4.0000
ડીએની	ઉપરાંત	1	1.00000000	0.00222717	0.00333704	7.0000
ડીપીટી	કંડલા	1	1.00000000	0.00222717	0.00333704	6.0000
ડેડીયાપાડા	સાગબારા	1	1.00000000	0.00222717	0.00333704	6.0000
ડોલર	હતો	1	1.00000000	0.00222717	0.00333704	4.0000
ડોલરની	વચ્ચેનો	1	1.00000000	0.00222717	0.00333704	7.0000
ડ્રાઇવરોને	તેની	1	1.00000000	0.00222717	0.00333704	5.0000
ડ્રોપની	ભરપાઈ	1	1.00000000	0.00222717	0.00333704	6.0000
ઢાંઢણી	ગામની	1	1.00000000	0.00222717	0.00333704	6.0000
તક	મળી	1	1.00000000	0.00222717	0.00333704	4.0000
તકતીનું	અનાવરણ	1	1.00000000	0.00222717	0.00333704	7.0000
તકો	સર્જાવાની	1	1.00000000	0.00222717	0.00333704	9.0000
તઘલખી	નિર્ણયો	1	1.00000000	0.00222717	0.00333704	8.0000
તટસ્થ	તપાસ	1	1.00000000	0.00222717	0.00333704	5.0000
તથા	અનરજીસ્ટર્ડ	1	1.00000000	0.00222717	0.00333704	10.0000
તપાસ	આદરી	1	0.50000000	0.00222469	0.00332963	5.0000
તપાસ	થાય	1	0.50000000	0.00222469	0.00332963	4.0000
તપાસકર્તાઓ	માટેનો	1	1.00000000	0.00222717	0.00333704	7.0000
તબક્કા	છે	1	1.00000000	0.00222717	0.00333704	3.0000
તબદીલ	કરેલ	1	1.00000000	0.00222717	0.00333704	5.0000
તમને	એક	1	1.00000000	0.00222717	0.00333704	3.0000
તમામ	ખેડૂતો	1	0.50000000	0.00222469	0.00332963	7.0000
તમામ	લાઇસન્સવાળા	1	0.50000000	0.00222469	0.00332963	9.0000
તમારા	પક્ષના	1	0.50000000	0.00222469	0.00332963	7.0000
તમારા	માટે	1	0.50000000	0.00222469	0.00332963	5.0000
તમારો	અભિપ્રાય	1	1.00000000	0.00222717	0.00333704	9.0000
તમાશો	જોવામાં	1	1.00000000	0.00222717	0.00333704	7.0000
તરફ	આ	1	1.00000000	0.00222717	0.00333704	2.0000
તરીકે	,	1	1.00000000	0.00222717	0.00333704	2.0000
તરુણો	એક	1	1.00000000	0.00222717	0.00333704	3.0000
તહું	.	1	1.00000000	0.00222717	0.00333704	2.0000
તાલીમ	!	1	1.00000000	0.00222717	0.00333704	2.0000
તુવેરો	ખરીદી	1	1.00000000	0.00222717	0.00333704	5.0000
તે	જ	1	0.16666667	0.00221484	0.00330033	2.0000
તે	પહેલાં	1	0.16666667	0.00221484	0.00330033	7.0000
તે	વલણ	1	0.16666667	0.00221484	0.00330033	4.0000
તે	વાતો	1	0.16666667	0.00221484	0.00330033	5.0000
તે	સારું	1	0.16666667	0.00221484	0.00330033	6.0000
તે	હીરેશનભાઇ	1	0.16666667	0.00221484	0.00330033	10.0000
તેઓ	એટલી	1	0.14285714	0.00221239	0.00329308	5.0000
તેઓ	ગમે	1	0.14285714	0.00221239	0.00329308	4.0000
તેઓ	તમામ	1	0.14285714	0.00221239	0.00329308	4.0000
તેઓ	તેને	1	0.14285714	0.00221239	0.00329308	4.0000
તેઓ	મેમરી	1	0.14285714	0.00221239	0.00329308	5.0000
તેઓ	સંબંધિત	1	0.14285714	0.00221239	0.00329308	7.0000
તેઓ	હરાવ્યું	1	0.14285714	0.00221239	0.00329308	9.0000
તેના	બેગ	1	0.33333333	0.00222222	0.00332226	4.0000
તેના	વિશે	1	0.33333333	0.00222222	0.00332226	5.0000
તેના	સુધી	1	0.33333333	0.00222222	0.00332226	5.0000
તેનાં	પ્રેમી	1	1.00000000	0.00222717	0.00333704	7.0000
તેની	પત્ની	1	0.33333333	0.00222222	0.00332226	6.0000
તેની	રાજ્ય	1	0.33333333	0.00222222	0.00332226	6.0000
તેની	સાથે	1	0.33333333	0.00222222	0.00332226	5.0000
તેને	જોવા	1	0.25000000	0.00221976	0.00331492	5.0000
તેને	માટે	1	0.25000000	0.00221976	0.00331492	5.0000
તેને	સારવાર	1	0.25000000	0.00221976	0.00331492	5.0000
તેને	હરાવ્યું	1	0.25000000	0.00221976	0.00331492	9.0000
તેમ	કહી	1	1.00000000	0.00222717	0.00333704	4.0000
તેમજ	ઉત્તર	1	0.16666667	0.00221484	0.00330033	5.0000
તેમજ	જીલ્લા	1	0.16666667	0.00221484	0.00330033	6.0000
તેમજ	ઝાલોદના	1	0.16666667	0.00221484	0.00330033	7.0000
તેમજ	તેમની	1	0.16666667	0.00221484	0.00330033	6.0000
તેમજ	ત્રણ	1	0.16666667	0.00221484	0.00330033	5.0000
તેમજ	પાલનપુર	1	0.16666667	0.00221484	0.00330033	7.0000
તેમણે	કહ્યું	1	0.16666667	0.00221484	0.00330033	7.0000
તેમણે	કુલ	1	0.16666667	0.00221484	0.00330033	4.0000
તેમણે	તે	1	0.16666667	0.00221484	0.00330033	3.0000
તેમણે	તેમને	1	0.16666667	0.00221484	0.00330033	5.0000
તેમણે	વચન	1	0.16666667	0.00221484	0.00330033	4.0000
તેમણે	સરદાર	1	0.16666667	0.00221484	0.00330033	5.0000
તેમના	વજન	1	1.00000000	0.00222717	0.00333704	4.0000
તેમની	ટીમોએ	1	0.33333333	0.00222222	0.00332226	6.0000
તેમને	જણાવ્યું	1	0.50000000	0.00222469	0.00332963	9.0000
તેમને	મુલાકાત	1	0.50000000	0.00222469	0.00332963	7.0000
તેમાં	એ	1	1.00000000	0.00222717	0.00333704	2.0000
તેવાં	પ્રાણીઓનાં	1	1.00000000	0.00222717	0.00333704	10.0000
તો	તમાશો	1	0.33333333	0.00222222	0.00332226	6.0000
તો	પછી	1	0.33333333	0.00222222	0.00332226	4.0000
તો	સાચી	1	0.33333333	0.00222222	0.00332226	5.0000
ત્યાં	ઉતારવામાં	1	0.50000000	0.00222469	0.00332963	8.0000
ત્યાં	તેને	1	0.50000000	0.00222469	0.00332963	4.0000
ત્યારબાદ	હોસ્પિટલનું	1	1.00000000	0.00222717	0.00333704	12.0000
ત્યારે	બીજી	1	1.00000000	0.00222717	0.00333704	4.0000
ત્રણ	દિવસ	1	0.33333333	0.00222222	0.00332226	5.0000
ત્રણ	રાજ્યોમાં	1	0.33333333	0.00222222	0.00332226	9.0000
ત્રણ	વર્ષ	1	0.33333333	0.00222222	0.00332226	5.0000
ત્રિપુરા	,	1	1.00000000	0.00222717	0.00333704	2.0000
થઇ	ગયો	1	1.00000000	0.00222717	0.00333704	4.0000
થઈ	ગઈ	1	0.25000000	0.00221976	0.00331492	3.0000
થઈ	મહેસાણામાં	1	0.25000000	0.00221976	0.00331492	8.0000
થઈ	શકે	1	0.25000000	0.00221976	0.00331492	4.0000
થઈ	હિંમતનગર	1	0.25000000	0.00221976	0.00331492	9.0000
થયેલ	છે	1	1.00000000	0.00222717	0.00333704	3.0000
થવા	લાગે	1	1.00000000	0.00222717	0.00333704	5.0000
થવાનો	છે	1	1.00000000	0.00222717	0.00333704	3.0000
થાય	છે	1	0.50000000	0.00222469	0.00332963	3.0000
થાય	તો	1	0.50000000	0.00222469	0.00332963	3.0000
થી	83,000	1	0.25000000	0.00221976	0.00331492	5.0000
થી	ફેલો	1	0.25000000	0.00221976	0.00331492	5.0000
થી	૬	1	0.25000000	0.00221976	0.00331492	2.0000
થી	૮	1	0.25000000	0.00221976	0.00331492	2.0000
દબાણના	ડ્રોપની	1	1.00000000	0.00222717	0.00333704	8.0000
દરમિયાન	...	1	0.50000000	0.00222469	0.00332963	2.0000
દરમિયાન	ઈન્દોરના	1	0.50000000	0.00222469	0.00332963	8.0000
દરોમાં	પરિણમી	1	1.00000000	0.00222717	0.00333704	7.0000
દર્દીઓમાં	આ	1	1.00000000	0.00222717	0.00333704	2.0000
દર્શાવવામાં	આવે	1	1.00000000	0.00222717	0.00333704	4.0000
દર્શાવી	અન્ય	1	1.00000000	0.00222717	0.00333704	5.0000
દર્શાવેલ	ખરીદીઓનાં	1	1.00000000	0.00222717	0.00333704	9.0000
દાન	કરવાનું	1	1.00000000	0.00222717	0.00333704	8.0000
દારૃ	સપ્લાઈ	1	1.00000000	0.00222717	0.00333704	7.0000
દારૃનો	મોટાપાયે	1	0.33333333	0.00222222	0.00332226	8.0000
દિલીપ	અને	1	1.00000000	0.00222717	0.00333704	4.0000
દિવસ	પહેલા	1	0.50000000	0.00222469	0.00332963	6.0000
દિવસ	વિતાવવો	1	0.50000000	0.00222469	0.00332963	6.0000
દીઠ	23.	1	1.00000000	0.00222717	0.00333704	4.0000
દુકાન	બંધ	1	1.00000000	0.00222717	0.00333704	4.0000
દેખાવા	લાગે	1	1.00000000	0.00222717	0.00333704	5.0000
દેડીયાપાડા	પોલીસ	1	1.00000000	0.00222717	0.00333704	6.0000
દેવી	યોગ્ય	1	1.00000000	0.00222717	0.00333704	5.0000
દેશના	ઝડપથી	1	1.00000000	0.00222717	0.00333704	6.0000
દ્રશ્ય	તપાસકર્તાઓ	1	1.00000000	0.00222717	0.00333704	9.0000
દ્રષ્ટિ	વ્યાપક	1	1.00000000	0.00222717	0.00333704	7.0000
દ્વારા	પ્રથમ	1	0.25000000	0.00221976	0.00331492	6.0000
દ્વારા	બંધનુ	1	0.25000000	0.00221976	0.00331492	6.0000
દ્વારા	બાતમીદારોનો	1	0.25000000	0.00221976	0.00331492	10.0000
દ્વારા	મોટાપાયે	1	0.25000000	0.00221976	0.00331492	8.0000
ધન	ખરીદવાનું	1	1.00000000	0.00222717	0.00333704	10.0000
ધનતેરસ	વિશે	1	1.00000000	0.00222717	0.00333704	5.0000
ધરાવતા	તરુણો	1	1.00000000	0.00222717	0.00333704	6.0000
ધારાસભ્ય	પી	1	1.00000000	0.00222717	0.00333704	3.0000
ધુસી	જતા	1	1.00000000	0.00222717	0.00333704	4.0000
ધ્યાનમાં	રાખીને	1	1.00000000	0.00222717	0.00333704	7.0000
નજીક	ગાડી	1	0.50000000	0.00222469	0.00332963	5.0000
નજીક	વેગનઆર	1	0.50000000	0.00222469	0.00332963	7.0000
નડિયાદ	અને	1	1.00000000	0.00222717	0.00333704	4.0000
નથી	.	1	1.00000000	0.00222717	0.00333704	2.0000
નમૂનારૂપ	ઉત્તર	1	1.00000000	0.00222717	0.00333704	5.0000
નર્મદા	જીલ્લા	1	0.33333333	0.00222222	0.00332226	6.0000
નર્મદા	જીલ્લાના	1	0.33333333	0.00222222	0.00332226	7.0000
નર્મદા	ડી	1	0.33333333	0.00222222	0.00332226	3.0000
નવી	કાર	1	0.50000000	0.00222469	0.00332963	4.0000
નવી	તકો	1	0.50000000	0.00222469	0.00332963	4.0000
નવો	અને	1	1.00000000	0.00222717	0.00333704	4.0000
નહીં	.	1	0.33333333	0.00222222	0.00332226	2.0000
નહીં	કરી	1	0.33333333	0.00222222	0.00332226	4.0000
નહીં	કરે	1	0.33333333	0.00222222	0.00332226	4.0000
ના	પિતાશ્રીનું	1	0.20000000	0.00221729	0.00330761	12.0000
ના	પી	1	0.20000000	0.00221729	0.00330761	3.0000
ના	હોવાથી	1	0.20000000	0.00221729	0.00330761	7.0000
નાગડાવાસ	નજીક	1	1.00000000	0.00222717	0.00333704	5.0000
નાગાલેન્ડ	અને	1	1.00000000	0.00222717	0.00333704	4.0000
નાથાલાલ	આશરા	1	1.00000000	0.00222717	0.00333704	5.0000
નામ	જણાવો	1	1.00000000	0.00222717	0.00333704	6.0000
નામે	રૂા	1	1.00000000	0.00222717	0.00333704	4.0000
નિર્ણય	કોરોના	1	1.00000000	0.00222717	0.00333704	6.0000
નિર્ણયો	સામે	1	1.00000000	0.00222717	0.00333704	5.0000
નિર્દેશોના	પગલે	1	1.00000000	0.00222717	0.00333704	5.0000
નિવૃત	જીઇબી	1	1.00000000	0.00222717	0.00333704	5.0000
નિવેદન	આપે	1	1.00000000	0.00222717	0.00333704	4.0000
નિષ્ફળતા	ભારે	1	1.00000000	0.00222717	0.00333704	5.0000
ની	જમીન	1	1.00000000	0.00222717	0.00333704	5.0000
નું	કામ	1	1.00000000	0.00222717	0.00333704	4.0000
નુકશાન	પહોંચાડેલ	1	1.00000000	0.00222717	0.00333704	10.0000
ને	ગુસ્સો	1	0.16666667	0.00221484	0.00330033	6.0000
ને	૭	1	0.16666667	0.00221484	0.00330033	2.0000
નેતાઓ	તો	1	1.00000000	0.00222717	0.00333704	3.0000
નેતાઓને	કરતા	1	1.00000000	0.00222717	0.00333704	5.0000
નો	ફોલ્ટ	1	1.00000000	0.00222717	0.00333704	6.0000
નોંધવામાં	આવ્યો	1	1.00000000	0.00222717	0.00333704	6.0000
પ	નિવૃત	1	1.00000000	0.00222717	0.00333704	6.0000
પંખીડાએ	આપઘાત	1	1.00000000	0.00222717	0.00333704	6.0000
પંપનું	જૂથ	1	1.00000000	0.00222717	0.00333704	4.0000
પકડવા	માટે	1	1.00000000	0.00222717	0.00333704	5.0000
પક્ષના	પાલિકા	1	1.00000000	0.00222717	0.00333704	6.0000
પગલે	આ	1	0.50000000	0.00222469	0.00332963	2.0000
પગલે	આખરે	1	0.50000000	0.00222469	0.00332963	5.0000
પગાર	.	1	0.50000000	0.00222469	0.00332963	2.0000
પગાર	55,040	1	0.50000000	0.00222469	0.00332963	5.0000
પછી	કલ્પેશ	1	0.25000000	0.00221976	0.00331492	7.0000
પછી	ખેડૂતો	1	0.25000000	0.00221976	0.00331492	7.0000
પછી	ટેક્સ	1	0.25000000	0.00221976	0.00331492	6.0000
પછી	સ્ક્રિપ	1	0.25000000	0.00221976	0.00331492	7.0000
પટેલ	હાજર	1	0.50000000	0.00222469	0.00332963	5.0000
પટેલ	હોસ્પિટલ	1	0.50000000	0.00222469	0.00332963	9.0000
પડશે	,	1	1.00000000	0.00222717	0.00333704	2.0000
પડી	.	1	1.00000000	0.00222717	0.00333704	2.0000
પણ	અનાવરણ	1	0.14285714	0.00221239	0.00329308	7.0000
પણ	અપાયુ	1	0.14285714	0.00221239	0.00329308	6.0000
પણ	ઉપયોગ	1	0.14285714	0.00221239	0.00329308	6.0000
પણ	તેનાં	1	0.14285714	0.00221239	0.00329308	6.0000
પણ	વધારો	1	0.14285714	0.00221239	0.00329308	6.0000
પણ	સમજાવેલું	1	0.14285714	0.00221239	0.00329308	10.0000
પણ	હું	1	0.14285714	0.00221239	0.00329308	4.0000
પત્ની	સાથે	1	1.00000000	0.00222717	0.00333704	5.0000
પત્રિકાના	માધ્યમથી	1	1.00000000	0.00222717	0.00333704	8.0000
પર	અનલોડ	1	0.20000000	0.00221729	0.00330761	6.0000
પર	આરોપ	1	0.20000000	0.00221729	0.00330761	5.0000
પર	ઉઘરાવેલ	1	0.20000000	0.00221729	0.00330761	8.0000
પર	કોંગ્રેસ	1	0.20000000	0.00221729	0.00330761	9.0000
પર	હોઈ	1	0.20000000	0.00221729	0.00330761	4.0000
પરત	કરવાનું	1	0.50000000	0.00222469	0.00332963	8.0000
પરત	ફર્યા	1	0.50000000	0.00222469	0.00332963	6.0000
પરથી	લીમડી	1	1.00000000	0.00222717	0.00333704	5.0000
પરિણમી	શકે	1	1.00000000	0.00222717	0.00333704	4.0000
પરિણીતાએ	પણ	1	1.00000000	0.00222717	0.00333704	3.0000
પર્સ	પરત	1	1.00000000	0.00222717	0.00333704	4.0000
પર્સન	પાસેથી	1	1.00000000	0.00222717	0.00333704	7.0000
પસંદ	કરો	1	1.00000000	0.00222717	0.00333704	4.0000
પહેલા	ઢાંઢણી	1	1.00000000	0.00222717	0.00333704	6.0000
પહેલાં	પહેલાંના	1	1.00000000	0.00222717	0.00333704	8.0000
પહેલાંના	વીમાનો	1	1.00000000	0.00222717	0.00333704	7.0000
પહોંચાડેલ	છે	1	1.00000000	0.00222717	0.00333704	3.0000
પહોંચી	ગયું	1	1.00000000	0.00222717	0.00333704	5.0000
પહોંચ્યાં	હતાં	1	1.00000000	0.00222717	0.00333704	5.0000
પાંચ	વર્ષમાં	1	1.00000000	0.00222717	0.00333704	8.0000
પાછળ	ધુસી	1	1.00000000	0.00222717	0.00333704	5.0000
પાછા	આવ્યા	1	1.00000000	0.00222717	0.00333704	6.0000
પાડયો	હતો	1	1.00000000	0.00222717	0.00333704	4.0000
પાડવામાં	અને	1	0.50000000	0.00222469	0.00332963	4.0000
પાડવામાં	આવે	1	0.50000000	0.00222469	0.00332963	4.0000
પાડીશું	.	1	1.00000000	0.00222717	0.00333704	2.0000
પામી	રહેલા	1	1.00000000	0.00222717	0.00333704	6.0000
પામેલ	છે	1	1.00000000	0.00222717	0.00333704	3.0000
પાલનપુર	થઈ	1	1.00000000	0.00222717	0.00333704	3.0000
પાલિકા	સભ્યોએ	1	1.00000000	0.00222717	0.00333704	7.0000
પાલિકાના	છેલ્લા	1	1.00000000	0.00222717	0.00333704	6.0000
પાસે	આવ્યા	1	1.00000000	0.00222717	0.00333704	6.0000
પાસેથી	દર્શાવેલ	1	1.00000000	0.00222717	0.00333704	9.0000
પિતાશ્રીનું	તા	1	1.00000000	0.00222717	0.00333704	3.0000
પી	મનોહરસિહ	1	0.25000000	0.00221976	0.00331492	8.0000
પી	મહેન્દ્	1	0.25000000	0.00221976	0.00331492	7.0000
પુખ્ત	વયના	1	1.00000000	0.00222717	0.00333704	5.0000
પુરાવા	આપવા	1	1.00000000	0.00222717	0.00333704	5.0000
પુરાવો	જોઈએ	1	1.00000000	0.00222717	0.00333704	5.0000
પુરું	પાડવામાં	1	1.00000000	0.00222717	0.00333704	7.0000
પુષ્પ	અર્પણ	1	1.00000000	0.00222717	0.00333704	6.0000
પૂજન	કરવું	1	1.00000000	0.00222717	0.00333704	6.0000
પૂરી	થઈ	1	0.50000000	0.00222469	0.00332963	3.0000
પૂરી	પાડવામાં	1	0.50000000	0.00222469	0.00332963	7.0000
પેટના	પ્રદેશમાં	1	1.00000000	0.00222717	0.00333704	10.0000
પેટની	વિસ્તારમાં	1	1.00000000	0.00222717	0.00333704	10.0000
પેરેન્ટ્સે	આપને	1	1.00000000	0.00222717	0.00333704	5.0000
પૉલિસી	લખશે	1	1.00000000	0.00222717	0.00333704	5.0000
પોતાના	આ	1	1.00000000	0.00222717	0.00333704	2.0000
પોતાની	દુકાન	1	0.50000000	0.00222469	0.00332963	6.0000
પોતાની	સ્વતંત્રતા	1	0.50000000	0.00222469	0.00332963	8.0000
પોર્ટ	ટ્રસ્ટ	1	1.00000000	0.00222717	0.00333704	5.0000
પોલીસ	તેમજ	1	0.50000000	0.00222469	0.00332963	5.0000
પોલીસ	સ્ટેશનમાં	1	0.50000000	0.00222469	0.00332963	10.0000
પોલીસની	૩	1	1.00000000	0.00222717	0.00333704	2.0000
પોલીસે	સ્થાનીક	1	1.00000000	0.00222717	0.00333704	8.0000
પોેલીસ	દ્વારા	1	1.00000000	0.00222717	0.00333704	6.0000
પ્રકાર	હીટ	1	1.00000000	0.00222717	0.00333704	4.0000
પ્રકાશ	પાડીશું	1	1.00000000	0.00222717	0.00333704	8.0000
પ્રકાશનનો	દિવસ	1	1.00000000	0.00222717	0.00333704	5.0000
પ્રણવ	મુખરજીએ	1	1.00000000	0.00222717	0.00333704	8.0000
પ્રતિક્રિયા	આપવામાં	1	1.00000000	0.00222717	0.00333704	7.0000
પ્રતિબદ્ધ	છીએ	1	1.00000000	0.00222717	0.00333704	4.0000
પ્રતિમાનું	પણ	1	1.00000000	0.00222717	0.00333704	3.0000
પ્રતિમાને	પુષ્પ	1	1.00000000	0.00222717	0.00333704	5.0000
પ્રથમ	પ્રતિક્રિયા	1	1.00000000	0.00222717	0.00333704	9.0000
પ્રદર્શન	નહીં	1	1.00000000	0.00222717	0.00333704	5.0000
પ્રદાતાઓ	તમને	1	1.00000000	0.00222717	0.00333704	5.0000
પ્રદેશમાં	લગભગ	1	0.50000000	0.00222469	0.00332963	4.0000
પ્રદેશમાં	વજન	1	0.50000000	0.00222469	0.00332963	4.0000
પ્રસંગે	ગુજરાતના	1	1.00000000	0.00222717	0.00333704	8.0000
પ્રસન્ન	હતો	1	1.00000000	0.00222717	0.00333704	4.0000
પ્રાણી	ક્રૂરતાનો	1	1.00000000	0.00222717	0.00333704	9.0000
પ્રાણીઓનાં	નામ	1	1.00000000	0.00222717	0.00333704	4.0000
પ્રેમી	પંખીડાએ	1	0.50000000	0.00222469	0.00332963	8.0000
પ્રેમી	સાથે	1	0.50000000	0.00222469	0.00332963	5.0000
પ્રોવિડન્ટ	ફંડ	1	1.00000000	0.00222717	0.00333704	4.0000
પ્લેટ	પ્રકાર	1	0.50000000	0.00222469	0.00332963	6.0000
પ્લેટ	હીટ	1	0.50000000	0.00222469	0.00332963	4.0000
ફંડ	અને	1	1.00000000	0.00222717	0.00333704	4.0000
ફરાર	થઇ	1	1.00000000	0.00222717	0.00333704	3.0000
ફરી	વખત	1	1.00000000	0.00222717	0.00333704	4.0000
ફરીથી	જીતીવા	1	1.00000000	0.00222717	0.00333704	6.0000
ફર્યા	હતા	1	1.00000000	0.00222717	0.00333704	4.0000
ફિલ્મમાં	કામ	1	1.00000000	0.00222717	0.00333704	4.0000
ફિલ્મો	લગભગ	1	1.00000000	0.00222717	0.00333704	4.0000
ફેલો	સ્થાને	1	1.00000000	0.00222717	0.00333704	7.0000
ફોલ્ટ	વીમા	1	1.00000000	0.00222717	0.00333704	5.0000
બંધ	કરીને	1	0.50000000	0.00222469	0.00332963	6.0000
બંધ	છે	1	0.50000000	0.00222469	0.00332963	3.0000
બંધનુ	એલાન	1	1.00000000	0.00222717	0.00333704	5.0000
બંને	પ્રેમી	1	1.00000000	0.00222717	0.00333704	7.0000
બગાડીયાની	સુચના	1	1.00000000	0.00222717	0.00333704	6.0000
બચ્ચના	ટ્વિટર	1	1.00000000	0.00222717	0.00333704	6.0000
બદલામાં	,	1	1.00000000	0.00222717	0.00333704	2.0000
બદલો	લેવા	1	1.00000000	0.00222717	0.00333704	5.0000
બધી	ફિલ્મો	1	1.00000000	0.00222717	0.00333704	7.0000
બનાવી	હતી	1	1.00000000	0.00222717	0.00333704	4.0000
બની	રહ્યો	1	1.00000000	0.00222717	0.00333704	6.0000
બાતમીદારોનો	પણ	1	1.00000000	0.00222717	0.00333704	3.0000
બાબતે	એમણે	1	1.00000000	0.00222717	0.00333704	5.0000
બાળ	કેદીઓને	1	1.00000000	0.00222717	0.00333704	7.0000
બાળકો	અને	1	0.50000000	0.00222469	0.00332963	4.0000
બાળકો	બંધ	1	0.50000000	0.00222469	0.00332963	4.0000
બાળગૃહમાંથી	મુકત	1	1.00000000	0.00222717	0.00333704	5.0000
બાળગૃહોમાં	લગભગ	1	1.00000000	0.00222717	0.00333704	4.0000
બિંદુ	આઇટીપી	1	1.00000000	0.00222717	0.00333704	6.0000
બિચ્છુવાડાથી	શામળાજી	1	1.00000000	0.00222717	0.00333704	7.0000
બિલીંગના	વ્યવહારો	1	1.00000000	0.00222717	0.00333704	8.0000
બીજા	લોકોથી	1	1.00000000	0.00222717	0.00333704	6.0000
બીજી	તરફ	1	1.00000000	0.00222717	0.00333704	4.0000
બૂટલેગર	સુનિલ	1	1.00000000	0.00222717	0.00333704	6.0000
બૂટલેગરો	વિદેશી	1	1.00000000	0.00222717	0.00333704	7.0000
બે	તબક્કા	1	0.33333333	0.00222222	0.00332226	6.0000
બે	પ્લેટ	1	0.33333333	0.00222222	0.00332226	6.0000
બે	યુવાન	1	0.33333333	0.00222222	0.00332226	6.0000
બેગ	લીધો	1	1.00000000	0.00222717	0.00333704	5.0000
બેસણુ	તા	1	1.00000000	0.00222717	0.00333704	3.0000
બોગસ	બિલીંગના	1	1.00000000	0.00222717	0.00333704	9.0000
બોર્ડર	થઈ	1	1.00000000	0.00222717	0.00333704	3.0000
બ્યુરો	ઓફ	1	1.00000000	0.00222717	0.00333704	3.0000
ભયને	ધ્યાનમાં	1	1.00000000	0.00222717	0.00333704	8.0000
ભરપાઈ	કરવા	1	1.00000000	0.00222717	0.00333704	5.0000
ભરવાડ	તેમજ	1	1.00000000	0.00222717	0.00333704	5.0000
ભરૂચથી	રાષ્ટ્રપતિ	1	1.00000000	0.00222717	0.00333704	9.0000
ભાગી	જઈ	1	1.00000000	0.00222717	0.00333704	3.0000
ભાજપ	સાથે	1	1.00000000	0.00222717	0.00333704	5.0000
ભાજપના	કાર્યકરોએ	1	1.00000000	0.00222717	0.00333704	8.0000
ભારે	ચકચાર	1	0.33333333	0.00222222	0.00332226	5.0000
ભારે	રોષ	1	0.33333333	0.00222222	0.00332226	4.0000
ભારે	વીમા	1	0.33333333	0.00222222	0.00332226	5.0000
ભાવ	આપીશ	1	1.00000000	0.00222717	0.00333704	5.0000
ભીલીસ્તાન	ટાઇગર	1	1.00000000	0.00222717	0.00333704	6.0000
ભેટ	આપી	1	1.00000000	0.00222717	0.00333704	4.0000
મંત્રી	જ્યોતિરાદિત્ય	1	1.00000000	0.00222717	0.00333704	10.0000
મચી	ગઇ	1	1.00000000	0.00222717	0.00333704	3.0000
મચ્યો	છે	1	1.00000000	0.00222717	0.00333704	3.0000
મજા	હશે	1	1.00000000	0.00222717	0.00333704	4.0000
મન	અને	1	1.00000000	0.00222717	0.00333704	4.0000
મનોહરસિહ	જાડેજાના	1	1.00000000	0.00222717	0.00333704	6.0000
મર્યાદા	લઇ	1	1.00000000	0.00222717	0.00333704	3.0000
મળી	રહેશે	1	0.50000000	0.00222469	0.00332963	5.0000
મળી	શુ	1	0.50000000	0.00222469	0.00332963	3.0000
મળે	છે	1	1.00000000	0.00222717	0.00333704	3.0000
મળેલ	હાર	1	1.00000000	0.00222717	0.00333704	4.0000
મળ્યુ	હતુ	1	1.00000000	0.00222717	0.00333704	4.0000
મળ્યો	હતો	1	1.00000000	0.00222717	0.00333704	4.0000
મહત્ત્વ	પણ	1	1.00000000	0.00222717	0.00333704	3.0000
મહારાષ્ટ્રથી	ઝડપી	1	1.00000000	0.00222717	0.00333704	5.0000
મહિનામાં	શરૂ	1	1.00000000	0.00222717	0.00333704	4.0000
મહિલા	વર્ગના	1	1.00000000	0.00222717	0.00333704	7.0000
મહિલાને	કે	1	1.00000000	0.00222717	0.00333704	3.0000
મહિસાગર	,	1	1.00000000	0.00222717	0.00333704	2.0000
મહેન્દ્	બગાડીયાની	1	1.00000000	0.00222717	0.00333704	8.0000
મહેસાણામાં	રીટા	1	1.00000000	0.00222717	0.00333704	5.0000
માં	અપરાધ	1	1.00000000	0.00222717	0.00333704	6.0000
માગણી	...	1	1.00000000	0.00222717	0.00333704	2.0000
માગતા	હતા	1	1.00000000	0.00222717	0.00333704	4.0000
માટે	ઉપયોગી	1	0.05555556	0.00218579	0.00321543	7.0000
માટે	ઊંચા	1	0.05555556	0.00218579	0.00321543	5.0000
માટે	એક	1	0.05555556	0.00218579	0.00321543	3.0000
માટે	કરોડો	1	0.05555556	0.00218579	0.00321543	5.0000
માટે	નિષ્ફળતા	1	0.05555556	0.00218579	0.00321543	9.0000
માટે	પોેલીસ	1	0.05555556	0.00218579	0.00321543	7.0000
માટે	પ્રકાશનનો	1	0.05555556	0.00218579	0.00321543	9.0000
માટે	પ્રતિબદ્ધ	1	0.05555556	0.00218579	0.00321543	9.0000
માટે	પ્રસન્ન	1	0.05555556	0.00218579	0.00321543	6.0000
માટે	રચાયેલ	1	0.05555556	0.00218579	0.00321543	7.0000
માટે	રાહ	1	0.05555556	0.00218579	0.00321543	4.0000
માટે	વિવાહનો	1	0.05555556	0.00218579	0.00321543	7.0000
માટે	સમય	1	0.05555556	0.00218579	0.00321543	4.0000
માટેનો	સરેરાશ	1	1.00000000	0.00222717	0.00333704	6.0000
માણસ	ખવડાવી	1	0.25000000	0.00221976	0.00331492	6.0000
માણસ	તેના	1	0.25000000	0.00221976	0.00331492	5.0000
માણસ	તેની	1	0.25000000	0.00221976	0.00331492	5.0000
માણસ	સાથે	1	0.25000000	0.00221976	0.00331492	5.0000
માત્ર	સુપર	1	1.00000000	0.00222717	0.00333704	5.0000
માધ્યમથી	સત્તાધીશો	1	1.00000000	0.00222717	0.00333704	9.0000
મામલો	સંસદમાં	1	1.00000000	0.00222717	0.00333704	6.0000
માર્ગદર્શન	હેઠળ	1	1.00000000	0.00222717	0.00333704	5.0000
માવાણીએ	ચાર્મી	1	1.00000000	0.00222717	0.00333704	7.0000
મિલનભાઇ	હરીશભાઇ	1	1.00000000	0.00222717	0.00333704	8.0000
મિશિગનના	નો	1	1.00000000	0.00222717	0.00333704	3.0000
મુકત	કરવામાં	1	1.00000000	0.00222717	0.00333704	7.0000
મુક્ત	કરવાની	1	0.50000000	0.00222469	0.00332963	7.0000
મુક્ત	કરવામાં	1	0.50000000	0.00222469	0.00332963	7.0000
મુખરજીએ	હોસ્પિટલની	1	1.00000000	0.00222717	0.00333704	11.0000
મુજબ	કરવામાં	1	1.00000000	0.00222717	0.00333704	7.0000
મુદ્દે	ભીલીસ્તાન	1	1.00000000	0.00222717	0.00333704	9.0000
મુદ્રામાં	તે	1	1.00000000	0.00222717	0.00333704	3.0000
મુલાકાત	છે	1	1.00000000	0.00222717	0.00333704	3.0000
મુશ્કેલ	હોતુ	1	1.00000000	0.00222717	0.00333704	5.0000
મુસાફરી	ભથ્થું	1	1.00000000	0.00222717	0.00333704	6.0000
મેઘાલયમાં	લોકોના	1	1.00000000	0.00222717	0.00333704	6.0000
મેદસ્વી	લોકો	1	1.00000000	0.00222717	0.00333704	4.0000
મેમરી	,	1	1.00000000	0.00222717	0.00333704	2.0000
મોટાપાયે	જથ્થો	1	0.50000000	0.00222469	0.00332963	5.0000
મોટાપાયે	દારૃનો	1	0.50000000	0.00222469	0.00332963	7.0000
મોડલ	સિવાય	1	1.00000000	0.00222717	0.00333704	6.0000
મોત	આ	1	1.00000000	0.00222717	0.00333704	2.0000
મોરબીના	નાગડાવાસ	1	1.00000000	0.00222717	0.00333704	7.0000
મોરારીબાપુએ	ગાંધીજીની	1	1.00000000	0.00222717	0.00333704	8.0000
યાત્રા	માટે	1	0.33333333	0.00222222	0.00332226	5.0000
યુઝર્સને	જતા	1	1.00000000	0.00222717	0.00333704	4.0000
યુનાઇટેડ	સ્ટેટ્સ	1	1.00000000	0.00222717	0.00333704	5.0000
યુવાન	અને	1	1.00000000	0.00222717	0.00333704	4.0000
યોગ	બની	1	1.00000000	0.00222717	0.00333704	4.0000
યોગ્ય	રહેશે	1	0.50000000	0.00222469	0.00332963	5.0000
યોગ્ય	શબ્દો	1	0.50000000	0.00222469	0.00332963	6.0000
યોજના	બે	1	0.50000000	0.00222469	0.00332963	3.0000
યોજના	મુજબ	1	0.50000000	0.00222469	0.00332963	5.0000
યોજનાકીય	કામની	1	1.00000000	0.00222717	0.00333704	6.0000
યોનિમાર્ગ	ખેંચે	1	1.00000000	0.00222717	0.00333704	5.0000
રચાયેલ	છે	1	1.00000000	0.00222717	0.00333704	3.0000
રપ	ના	1	1.00000000	0.00222717	0.00333704	3.0000
રબારી	દ્વારા	1	1.00000000	0.00222717	0.00333704	6.0000
રમુજી	ઉખાણાઓ	1	1.00000000	0.00222717	0.00333704	6.0000
રર	૩	1	1.00000000	0.00222717	0.00333704	2.0000
રસપ્રદ	રહેશે	1	1.00000000	0.00222717	0.00333704	5.0000
રહેતા	હતા	1	1.00000000	0.00222717	0.00333704	4.0000
રહેલા	રિન્યૂએબલ	1	1.00000000	0.00222717	0.00333704	10.0000
રહેવા	શરૂ	1	1.00000000	0.00222717	0.00333704	4.0000
રહેશે	,	1	0.25000000	0.00221976	0.00331492	2.0000
રહેશે	કે	1	0.25000000	0.00221976	0.00331492	3.0000
રહ્યા	હતા	1	1.00000000	0.00222717	0.00333704	4.0000
રહ્યું	,	1	1.00000000	0.00222717	0.00333704	2.0000
રહ્યો	છે	1	1.00000000	0.00222717	0.00333704	3.0000
રાખીને	લીધો	1	1.00000000	0.00222717	0.00333704	5.0000
રાખેલ	છે	1	1.00000000	0.00222717	0.00333704	3.0000
રાજપીપળા	પાલિકાના	1	1.00000000	0.00222717	0.00333704	7.0000
રાજસ્થાનના	બિચ્છુવાડાથી	1	1.00000000	0.00222717	0.00333704	12.0000
રાજ્ય	લઘુતમ	1	1.00000000	0.00222717	0.00333704	6.0000
રાજ્યના	બાળગૃહોમાં	1	1.00000000	0.00222717	0.00333704	10.0000
રાજ્યપાલ	ઓપી	1	1.00000000	0.00222717	0.00333704	4.0000
રાજ્યસભાના	સાંસદ	1	1.00000000	0.00222717	0.00333704	5.0000
રાજ્યોમાં	મળેલ	1	1.00000000	0.00222717	0.00333704	5.0000
રાષ્ટ્રપતિ	અંકલેશ્વર	1	1.00000000	0.00222717	0.00333704	10.0000
રાષ્ટ્રપતિએ	ગાંધીજીની	1	1.00000000	0.00222717	0.00333704	8.0000
રાહ	જોઈ	1	1.00000000	0.00222717	0.00333704	4.0000
રાહુલ	ગાંધી	1	1.00000000	0.00222717	0.00333704	6.0000
રિજેક્શનના	ભયના	1	1.00000000	0.00222717	0.00333704	5.0000
રિન્યૂએબલ	એનર્જી	1	1.00000000	0.00222717	0.00333704	7.0000
રિસર્ચ	ઇન્સ્ટિટયૂટ	1	1.00000000	0.00222717	0.00333704	9.0000
રીટા	અને	1	1.00000000	0.00222717	0.00333704	4.0000
રીતે	એક	1	0.33333333	0.00222222	0.00332226	3.0000
રીતે	પૂજન	1	0.33333333	0.00222222	0.00332226	5.0000
રીતે	રોકશે	1	0.33333333	0.00222222	0.00332226	6.0000
રૂપિયાની	ગ્રાન્ટ	1	1.00000000	0.00222717	0.00333704	7.0000
રૃપીયા	ચુકવ્યા	1	1.00000000	0.00222717	0.00333704	8.0000
રૃપીયાની	તુવેરો	1	1.00000000	0.00222717	0.00333704	7.0000
રોકશે	,	1	1.00000000	0.00222717	0.00333704	2.0000
રોજ	અવસાન	1	0.50000000	0.00222469	0.00332963	6.0000
રોજ	સાંજે	1	0.50000000	0.00222469	0.00332963	6.0000
રોજગારીની	તક	1	0.50000000	0.00222469	0.00332963	3.0000
રોજગારીની	નવી	1	0.50000000	0.00222469	0.00332963	4.0000
રોષ	ને	1	1.00000000	0.00222717	0.00333704	3.0000
લઇ	જવાની	1	0.50000000	0.00222469	0.00332963	6.0000
લઇ	શકે	1	0.50000000	0.00222469	0.00332963	4.0000
લઈને	ચિંતા	1	1.00000000	0.00222717	0.00333704	6.0000
લખશે	તે	1	1.00000000	0.00222717	0.00333704	3.0000
લખી	ન	1	1.00000000	0.00222717	0.00333704	2.0000
લગભગ	30,000	1	0.33333333	0.00222222	0.00332226	4.0000
લગભગ	359	1	0.33333333	0.00222222	0.00332226	4.0000
લગભગ	પૂરી	1	0.33333333	0.00222222	0.00332226	5.0000
લઘુતમ	મર્યાદા	1	1.00000000	0.00222717	0.00333704	7.0000
લાઇસન્સવાળા	ડ્રાઇવરોને	1	1.00000000	0.00222717	0.00333704	10.0000
લાખ	રોજગારીની	1	1.00000000	0.00222717	0.00333704	8.0000
લાગણી	ઉત્પન્ન	1	1.00000000	0.00222717	0.00333704	6.0000
લિધો	છે	1	1.00000000	0.00222717	0.00333704	3.0000
લીધો	,	1	0.50000000	0.00222469	0.00332963	2.0000
લીધો	છે	1	0.50000000	0.00222469	0.00332963	3.0000
લીમડી	તેમજ	1	1.00000000	0.00222717	0.00333704	5.0000
લેતાં	હાલ	1	1.00000000	0.00222717	0.00333704	4.0000
લેનારા	80	1	1.00000000	0.00222717	0.00333704	3.0000
લેબર	સ્ટેટિસ્ટિક્સ	1	1.00000000	0.00222717	0.00333704	7.0000
લેવા	માગતા	1	1.00000000	0.00222717	0.00333704	5.0000
લોકપ્રિય	કીફિર	1	1.00000000	0.00222717	0.00333704	6.0000
લોકાર્પણ	કર્યું	1	1.00000000	0.00222717	0.00333704	7.0000
લોકો	પેટની	1	0.33333333	0.00222222	0.00332226	6.0000
લોકો	માટે	1	0.33333333	0.00222222	0.00332226	5.0000
લોકો	સ્મિત	1	0.33333333	0.00222222	0.00332226	6.0000
લોકોથી	ક્યારેય	1	1.00000000	0.00222717	0.00333704	7.0000
લોકોના	જનાદેશનો	1	1.00000000	0.00222717	0.00333704	8.0000
લોકોનો	વિશ્વાસ	1	1.00000000	0.00222717	0.00333704	7.0000
લોડ	માટે	1	1.00000000	0.00222717	0.00333704	5.0000
વખત	.	1	0.50000000	0.00222469	0.00332963	2.0000
વખત	સાંભળો	1	0.50000000	0.00222469	0.00332963	7.0000
વગર	પોતાની	1	1.00000000	0.00222717	0.00333704	7.0000
વચન	આપ્યું	1	1.00000000	0.00222717	0.00333704	7.0000
વચ્ચેનો	પગાર	1	1.00000000	0.00222717	0.00333704	5.0000
વજન	આગળ	1	0.33333333	0.00222222	0.00332226	4.0000
વજન	ઘટાડવા	1	0.33333333	0.00222222	0.00332226	6.0000
વજન	લઇ	1	0.33333333	0.00222222	0.00332226	3.0000
વડોદરા	શહેર	1	1.00000000	0.00222717	0.00333704	5.0000
વધારવા	બાબતે	1	1.00000000	0.00222717	0.00333704	5.0000
વધારવાની	જરૂર	1	1.00000000	0.00222717	0.00333704	4.0000
વધારે	થશે	1	1.00000000	0.00222717	0.00333704	4.0000
વધારો	થવાનો	1	1.00000000	0.00222717	0.00333704	6.0000
વધુ	મજા	1	0.33333333	0.00222222	0.00332226	4.0000
વધુ	લોકપ્રિય	1	0.33333333	0.00222222	0.00332226	9.0000
વધુ	સારો	1	0.33333333	0.00222222	0.00332226	5.0000
વયના	લોકો	1	1.00000000	0.00222717	0.00333704	4.0000
વર્ગના	સપોર્ટથી	1	1.00000000	0.00222717	0.00333704	9.0000
વર્લ્ડ	રિસર્ચ	1	1.00000000	0.00222717	0.00333704	6.0000
વર્ષ	સુધીની	1	1.00000000	0.00222717	0.00333704	6.0000
વર્ષના	યોજનાકીય	1	1.00000000	0.00222717	0.00333704	8.0000
વર્ષમાં	૨૦૨૨	1	1.00000000	0.00222717	0.00333704	3.0000
વર્ષે	અમેરિકામાં	1	1.00000000	0.00222717	0.00333704	9.0000
વલણ	ધરાવતા	1	0.50000000	0.00222469	0.00332963	6.0000
વલણ	વ્યક્ત	1	0.50000000	0.00222469	0.00332963	6.0000
વસાવા	તમારા	1	1.00000000	0.00222717	0.00333704	5.0000
વસ્તુઓ	પરત	1	1.00000000	0.00222717	0.00333704	4.0000
વા	લેનારા	1	1.00000000	0.00222717	0.00333704	6.0000
વાતને	લઈને	1	1.00000000	0.00222717	0.00333704	5.0000
વાતો	ફરી	1	1.00000000	0.00222717	0.00333704	4.0000
વાય	એસ	1	1.00000000	0.00222717	0.00333704	3.0000
વાયરસના	ભયને	1	1.00000000	0.00222717	0.00333704	5.0000
વિકલ્પ	પસંદ	1	1.00000000	0.00222717	0.00333704	5.0000
વિકલ્પરૂપે	આ	1	1.00000000	0.00222717	0.00333704	2.0000
વિકાસના	કામો	1	1.00000000	0.00222717	0.00333704	5.0000
વિતાવવો	ઉપયોગી	1	1.00000000	0.00222717	0.00333704	7.0000
વિદેશી	દારૃનો	1	1.00000000	0.00222717	0.00333704	7.0000
વિનોદ	,	1	1.00000000	0.00222717	0.00333704	2.0000
વિપક્ષના	સરકાર	1	1.00000000	0.00222717	0.00333704	5.0000
વિરસિંહને	ત્યાં	1	1.00000000	0.00222717	0.00333704	6.0000
વિવાહનો	શુભ	1	1.00000000	0.00222717	0.00333704	4.0000
વિશે	ઘણીબધી	1	0.50000000	0.00222469	0.00332963	6.0000
વિશે	પ્રકાશ	1	0.50000000	0.00222469	0.00332963	7.0000
વિશ્વના	દ્રષ્ટિ	1	1.00000000	0.00222717	0.00333704	7.0000
વિશ્વાસ	ફરીથી	1	1.00000000	0.00222717	0.00333704	5.0000
વિસ્તારના	ગરીબ	1	1.00000000	0.00222717	0.00333704	5.0000
વિસ્તારમાં	તેમના	1	1.00000000	0.00222717	0.00333704	6.0000
વીણાએ	કહ્યુ	1	1.00000000	0.00222717	0.00333704	6.0000
વીમા	કાયદાઓએ	1	0.25000000	0.00221976	0.00331492	7.0000
વીમા	દરોમાં	1	0.25000000	0.00221976	0.00331492	7.0000
વીમા	પૉલિસી	1	0.25000000	0.00221976	0.00331492	7.0000
વીમા	પ્રદાતાઓ	1	0.25000000	0.00221976	0.00331492	8.0000
વીમાનો	પુરાવો	1	1.00000000	0.00222717	0.00333704	7.0000
વૃદ્ધ	મહિલાને	1	1.00000000	0.00222717	0.00333704	8.0000
વૃદ્ધિ	પામી	1	1.00000000	0.00222717	0.00333704	5.0000
વેગનઆર	કારમાં	1	1.00000000	0.00222717	0.00333704	6.0000
વેચાણો	પર	1	1.00000000	0.00222717	0.00333704	3.0000
વેધક	સવાલો	1	1.00000000	0.00222717	0.00333704	6.0000
વેપારીઓને	રૂા	1	1.00000000	0.00222717	0.00333704	4.0000
વેરા	વધારવા	1	1.00000000	0.00222717	0.00333704	5.0000
વેરાકીય	આવકને	1	1.00000000	0.00222717	0.00333704	6.0000
વેરાવળ	હરસુખલાલ	1	1.00000000	0.00222717	0.00333704	8.0000
વેરાશાખ	તબદીલ	1	1.00000000	0.00222717	0.00333704	6.0000
વેરો	સરકારમાં	1	1.00000000	0.00222717	0.00333704	7.0000
વૈશ્વિક	સંશોધન	1	1.00000000	0.00222717	0.00333704	7.0000
વોટર	સપ્લાયરની	1	1.00000000	0.00222717	0.00333704	10.0000
વ્યક્ત	કરી	1	1.00000000	0.00222717	0.00333704	4.0000
વ્યક્તિગત	ઉષ્ણતા	1	1.00000000	0.00222717	0.00333704	7.0000
વ્યવહારો	દર્શાવી	1	1.00000000	0.00222717	0.00333704	8.0000
વ્યસ્ત	છે	1	1.00000000	0.00222717	0.00333704	3.0000
વ્યાપક	તાલીમ	1	0.50000000	0.00222469	0.00332963	6.0000
વ્યાપક	સર્મથન	1	0.50000000	0.00222469	0.00332963	7.0000
શકાય	છે	1	1.00000000	0.00222717	0.00333704	3.0000
શકે	.	1	0.16666667	0.00221484	0.00330033	2.0000
શક્યત	જૂન	1	1.00000000	0.00222717	0.00333704	4.0000
શક્યતા	છે	1	1.00000000	0.00222717	0.00333704	3.0000
શબ્દો	,	1	1.00000000	0.00222717	0.00333704	2.0000
શરૂ	થશે	1	0.33333333	0.00222222	0.00332226	4.0000
શહેર	જિલ્લામાં	1	0.50000000	0.00222469	0.00332963	8.0000
શહેર	ભથ્થું	1	0.50000000	0.00222469	0.00332963	6.0000
શહેરમાં	ભારે	1	1.00000000	0.00222717	0.00333704	5.0000
શામળાજી	બોર્ડર	1	1.00000000	0.00222717	0.00333704	6.0000
શાસ્ત્રોમાં	ધનતેરસ	1	1.00000000	0.00222717	0.00333704	7.0000
શીખ્યા	સાથે	1	1.00000000	0.00222717	0.00333704	5.0000
શુ	ગુટર	1	0.50000000	0.00222469	0.00332963	5.0000
શુ	પડી	1	0.50000000	0.00222469	0.00332963	4.0000
શું	અમિતાભ	1	1.00000000	0.00222717	0.00333704	7.0000
શુભ	ના	1	0.50000000	0.00222469	0.00332963	3.0000
શુભ	યોગ	1	0.50000000	0.00222469	0.00332963	4.0000
સંકેત	સામે	1	1.00000000	0.00222717	0.00333704	5.0000
સંપત્તિ	પાછા	1	1.00000000	0.00222717	0.00333704	4.0000
સંબંધિત	છે	1	1.00000000	0.00222717	0.00333704	3.0000
સંમત	,	1	1.00000000	0.00222717	0.00333704	2.0000
સંશોધન	સંસ્થા	1	1.00000000	0.00222717	0.00333704	6.0000
સંસદમાં	ઉઠ્યો	1	1.00000000	0.00222717	0.00333704	6.0000
સંસ્થા	વર્લ્ડ	1	1.00000000	0.00222717	0.00333704	6.0000
સગર્ભા	સ્ત્રીઓ	1	1.00000000	0.00222717	0.00333704	7.0000
સગર્ભાવસ્થામાં	ઠંડીથી	1	1.00000000	0.00222717	0.00333704	6.0000
સજા	કરવામાં	1	1.00000000	0.00222717	0.00333704	7.0000
સજ્જન	તેમને	1	0.50000000	0.00222469	0.00332963	5.0000
સજ્જન	શીખ્યા	1	0.50000000	0.00222469	0.00332963	7.0000
સત્તાધીશો	અને	1	1.00000000	0.00222717	0.00333704	4.0000
સત્ય	દર્શાવવામાં	1	1.00000000	0.00222717	0.00333704	9.0000
સદ્ગતનું	ટેલીફોનીક	1	1.00000000	0.00222717	0.00333704	9.0000
સપોર્ટથી	સ્થિતિ	1	1.00000000	0.00222717	0.00333704	6.0000
સપ્લાઈ	થાય	1	1.00000000	0.00222717	0.00333704	4.0000
સપ્લાયરની	યોજના	1	1.00000000	0.00222717	0.00333704	6.0000
સભ્યોએ	ભાજપ	1	1.00000000	0.00222717	0.00333704	5.0000
સમગ્ર	શહેરમાં	1	1.00000000	0.00222717	0.00333704	8.0000
સમજશક્તિ	,	1	1.00000000	0.00222717	0.00333704	2.0000
સમજાવેલું	છે	1	1.00000000	0.00222717	0.00333704	3.0000
સમય	શુભ	1	1.00000000	0.00222717	0.00333704	4.0000
સમયમાં	તઘલખી	1	1.00000000	0.00222717	0.00333704	6.0000
સમૃદ્ધ	હતા	1	1.00000000	0.00222717	0.00333704	4.0000
સરકાર	પર	1	0.50000000	0.00222469	0.00332963	3.0000
સરકાર	વિકાસના	1	0.50000000	0.00222469	0.00332963	7.0000
સરકારની	વેરાકીય	1	1.00000000	0.00222717	0.00333704	8.0000
સરકારમાં	જમા	1	1.00000000	0.00222717	0.00333704	4.0000
સરદાર	પટેલ	1	1.00000000	0.00222717	0.00333704	5.0000
સરળતાથી	જોઈ	1	1.00000000	0.00222717	0.00333704	4.0000
સરેરાશ	પગાર	1	1.00000000	0.00222717	0.00333704	5.0000
સર્જાવાની	શક્યતા	1	1.00000000	0.00222717	0.00333704	7.0000
સર્મથન	મળ્યુ	1	1.00000000	0.00222717	0.00333704	6.0000
સવાલો	પત્રિકાના	1	1.00000000	0.00222717	0.00333704	9.0000
સહીત	અનેક	1	1.00000000	0.00222717	0.00333704	5.0000
સાંચોર	તેમજ	1	1.00000000	0.00222717	0.00333704	5.0000
સાંજે	ચા	1	0.50000000	0.00222469	0.00332963	3.0000
સાંજે	૪	1	0.50000000	0.00222469	0.00332963	2.0000
સાંભળો	છો	1	1.00000000	0.00222717	0.00333704	3.0000
સાંસદ	અહેમદ	1	1.00000000	0.00222717	0.00333704	6.0000
સાગબારા	વિસ્તારના	1	1.00000000	0.00222717	0.00333704	9.0000
સાચી	હકીકત	1	1.00000000	0.00222717	0.00333704	5.0000
સાથે	ઘર	1	0.12500000	0.00220994	0.00328587	3.0000
સાથે	પાસે	1	0.12500000	0.00220994	0.00328587	5.0000
સાથે	ભાગી	1	0.12500000	0.00220994	0.00328587	5.0000
સાથે	મળી	1	0.12500000	0.00220994	0.00328587	4.0000
સાથે	રહેવા	1	0.12500000	0.00220994	0.00328587	6.0000
સાથે	વધુ	1	0.12500000	0.00220994	0.00328587	4.0000
સાથે	સ્વતંત્ર	1	0.12500000	0.00220994	0.00328587	7.0000
સાથે	હરાવ્યું	1	0.12500000	0.00220994	0.00328587	9.0000
સામે	જનતાએ	1	0.50000000	0.00222469	0.00332963	6.0000
સામે	ટ્વિટર	1	0.50000000	0.00222469	0.00332963	6.0000
સારવાર	.	1	1.00000000	0.00222717	0.00333704	2.0000
સારા	જૂના	1	1.00000000	0.00222717	0.00333704	5.0000
સારી	રીતે	1	1.00000000	0.00222717	0.00333704	5.0000
સારું	પ્રદર્શન	1	0.50000000	0.00222469	0.00332963	7.0000
સારું	બદલો	1	0.50000000	0.00222469	0.00332963	5.0000
સારો	ભાવ	1	0.50000000	0.00222469	0.00332963	4.0000
સારો	હતો	1	0.50000000	0.00222469	0.00332963	4.0000
સિંધિયાની	જન	1	1.00000000	0.00222717	0.00333704	3.0000
સિન્ડ્રોમ	જોવા	1	1.00000000	0.00222717	0.00333704	5.0000
સિવાય	જે	1	1.00000000	0.00222717	0.00333704	3.0000
સિસ્ટમ	માટે	1	1.00000000	0.00222717	0.00333704	5.0000
સીરિઝમાં	સત્ય	1	1.00000000	0.00222717	0.00333704	5.0000
સુખદ	રહેશે	1	1.00000000	0.00222717	0.00333704	5.0000
સુચના	અને	1	1.00000000	0.00222717	0.00333704	4.0000
સુધી	આવ્યા	1	0.50000000	0.00222469	0.00332963	6.0000
સુધી	તેઓ	1	0.50000000	0.00222469	0.00332963	4.0000
સુધીની	સજા	1	1.00000000	0.00222717	0.00333704	4.0000
સુધીમાં	૩.	1	1.00000000	0.00222717	0.00333704	3.0000
સુનાવણી	,	1	1.00000000	0.00222717	0.00333704	2.0000
સુનિલ	,	1	1.00000000	0.00222717	0.00333704	2.0000
સુપર	મોડલ	1	1.00000000	0.00222717	0.00333704	5.0000
સુભાષ	અગ્રવાલે	1	1.00000000	0.00222717	0.00333704	9.0000
સેના	દ્વારા	1	1.00000000	0.00222717	0.00333704	6.0000
સૌથી	વધુ	1	1.00000000	0.00222717	0.00333704	4.0000
સ્ક્રિપ	થી	1	1.00000000	0.00222717	0.00333704	3.0000
સ્ટેટિસ્ટિક્સ	અનુસાર	1	1.00000000	0.00222717	0.00333704	7.0000
સ્ટેટ્સ	બ્યુરો	1	1.00000000	0.00222717	0.00333704	7.0000
સ્ટેશનમાં	પ્રાણી	1	1.00000000	0.00222717	0.00333704	7.0000
સ્ત્રીઓ	અને	1	1.00000000	0.00222717	0.00333704	4.0000
સ્થાનીક	દેડીયાપાડા	1	1.00000000	0.00222717	0.00333704	8.0000
સ્થાને	પહોંચી	1	1.00000000	0.00222717	0.00333704	7.0000
સ્થાપિત	થયેલ	1	1.00000000	0.00222717	0.00333704	5.0000
સ્થિતિ	સુખદ	1	1.00000000	0.00222717	0.00333704	5.0000
સ્મિત	આપીને	1	1.00000000	0.00222717	0.00333704	6.0000
સ્વતંત્ર	,	1	0.50000000	0.00222469	0.00332963	2.0000
સ્વતંત્ર	યોજના	1	0.50000000	0.00222469	0.00332963	6.0000
સ્વતંત્રતા	લખી	1	1.00000000	0.00222717	0.00333704	4.0000
સ્વવેન	માટે	1	1.00000000	0.00222717	0.00333704	5.0000
સ્વવેના	મુદ્રામાં	1	1.00000000	0.00222717	0.00333704	8.0000
સ્વાગત	કરીએ	1	1.00000000	0.00222717	0.00333704	5.0000
હકીકત	જણાશે	1	1.00000000	0.00222717	0.00333704	6.0000
હતા	અને	1	0.16666667	0.00221484	0.00330033	4.0000
હતાં	જ્યાં	1	1.00000000	0.00222717	0.00333704	6.0000
હતી	અને	1	0.20000000	0.00221729	0.00330761	4.0000
હતી	કે	1	0.20000000	0.00221729	0.00330761	3.0000
હતી	ને	1	0.20000000	0.00221729	0.00330761	3.0000
હતુ	,	1	0.50000000	0.00222469	0.00332963	2.0000
હતુ	.	1	0.50000000	0.00222469	0.00332963	2.0000
હતું	જ્યારે	1	0.12500000	0.00220994	0.00328587	7.0000
હતો	,	1	0.12500000	0.00220994	0.00328587	2.0000
હતો	જેના	1	0.12500000	0.00220994	0.00328587	5.0000
હતો	ને	1	0.12500000	0.00220994	0.00328587	3.0000
હરસુખલાલ	નાથાલાલ	1	1.00000000	0.00222717	0.00333704	5.0000
હરાવ્યું	અટકે	1	0.33333333	0.00222222	0.00332226	5.0000
હરાવ્યું	શરૂ	1	0.33333333	0.00222222	0.00332226	4.0000
હરાવ્યું	સુધી	1	0.33333333	0.00222222	0.00332226	5.0000
હરીશભાઇ	માવાણીએ	1	1.00000000	0.00222717	0.00333704	7.0000
હશે	.	1	1.00000000	0.00222717	0.00333704	2.0000
હાઈકોર્ટના	નિર્દેશોના	1	1.00000000	0.00222717	0.00333704	10.0000
હાજર	રહ્યા	1	1.00000000	0.00222717	0.00333704	6.0000
હાર	પર	1	1.00000000	0.00222717	0.00333704	3.0000
હાર્ટ	ઇન્સ્ટીટયૂટનું	1	1.00000000	0.00222717	0.00333704	11.0000
હાલ	સમગ્ર	1	1.00000000	0.00222717	0.00333704	6.0000
હાલોલ	,	1	1.00000000	0.00222717	0.00333704	2.0000
હિંમતનગર	,	1	1.00000000	0.00222717	0.00333704	2.0000
હીટ	એક્સચેન્જો	1	0.50000000	0.00222469	0.00332963	10.0000
હીટ	એક્સ્ચેન્જર	1	0.50000000	0.00222469	0.00332963	10.0000
હીટિંગ	સિસ્ટમ	1	1.00000000	0.00222717	0.00333704	6.0000
હીરેશનભાઇ	,	1	1.00000000	0.00222717	0.00333704	2.0000
હું	ઇચ્છતી	1	1.00000000	0.00222717	0.00333704	7.0000
હેઠળ	પોલીસની	1	1.00000000	0.00222717	0.00333704	7.0000
હોઈ	શકે	1	1.00000000	0.00222717	0.00333704	4.0000
હોટ	વોટર	1	1.00000000	0.00222717	0.00333704	5.0000
હોતુ	હતું	1	1.00000000	0.00222717	0.00333704	5.0000
હોય	છે	1	1.00000000	0.00222717	0.00333704	3.0000
હોવાથી	ટાળી	1	1.00000000	0.00222717	0.00333704	5.0000
હોસ્પિટલ	એન્ડ	1	1.00000000	0.00222717	0.00333704	5.0000
હોસ્પિટલની	તકતીનું	1	1.00000000	0.00222717	0.00333704	7.0000
હોસ્પિટલનું	અવલોકન	1	1.00000000	0.00222717	0.00333704	7.0000
૧.	૯૭	1	1.00000000	0.00222717	0.00333704	3.0000
૧૦.	૪૨	1	1.00000000	0.00222717	0.00333704	3.0000
૧૫.	૬૦	1	1.00000000	0.00222717	0.00333704	3.0000
૨૦૨૨	સુધીમાં	1	1.00000000	0.00222717	0.00333704	8.0000
૩	જેટલી	1	0.50000000	0.00222469	0.00332963	6.0000
૩	ના	1	0.50000000	0.00222469	0.00332963	3.0000
૩.	૩૦	1	1.00000000	0.00222717	0.00333704	3.0000
૩૦	લાખ	1	1.00000000	0.00222717	0.00333704	4.0000
૪	થી	1	1.00000000	0.00222717	0.00333704	3.0000
૪૨	કરોડની	1	1.00000000	0.00222717	0.00333704	7.0000
૪૫	કરોડની	1	1.00000000	0.00222717	0.00333704	7.0000
૬	રાખેલ	1	1.00000000	0.00222717	0.00333704	6.0000
૬૦	કરોડના	1	1.00000000	0.00222717	0.00333704	7.0000
૭	થી	1	0.50000000	0.00222469	0.00332963	3.0000
૭	પ	1	0.50000000	0.00222469	0.00332963	2.0000
૮	કરોડ	1	1.00000000	0.00222717	0.00333704	5.0000
૮.	૪૫	1	1.00000000	0.00222717	0.00333704	3.0000
૯૭	કરોડોનો	1	1.00000000	0.00222717	0.00333704	6.0000
